fifa_code,country,region,legacy_year,_1872,_1873,_1874,_1875,_1876,_1877,_1878,_1879,_1880,_1881,_1882,_1883,_1884,_1885,_1886,_1887,_1888,_1889,_1890,_1891,_1892,_1893,_1894,_1895,_1896,_1897,_1898,_1899,_1900,_1901,_1902,_1903,_1904,_1905,_1906,_1907,_1908,_1909,_1910,_1911,_1912,_1913,_1914,_1915,_1916,_1917,_1918,_1919,_1920,_1921,_1922,_1923,_1924,_1925,_1926,_1927,_1928,_1929,_1930,_1931,_1932,_1933,_1934,_1935,_1936,_1937,_1938,_1939,_1940,_1941,_1942,_1943,_1944,_1945,_1946,_1947,_1948,_1949,_1950,_1951,_1952,_1953,_1954,_1955,_1956,_1957,_1958,_1959,_1960,_1961,_1962,_1963,_1964,_1965,_1966,_1967,_1968,_1969,_1970,_1971,_1972,_1973,_1974,_1975,_1976,_1977,_1978,_1979,_1980,_1981,_1982,_1983,_1984,_1985,_1986,_1987,_1988,_1989,_1990,_1991,_1992,_1993,_1994,_1995,_1996,_1997,_1998,_1999,_2000,_2001,_2002,_2003,_2004,_2005,_2006,_2007,_2008,_2009,_2010,_2011,_2012,_2013,_2014,_2015,_2016,_2017,_2018,_2019,_2020,_2021,_2022,_2023,_2024,_2025,defunct
ENG,:gb-eng: England@@england,"<span style=""color:#2A6FB5"">Europe</span>",1872,1,1,1,1,1,1,1,2,2,2,3,3,3,3,3,3,3,3,3,3,3,3,3,3,3,3,3,3,3,3,4,3,3,3,3,3,6,6,3,3,3,3,3,0,0,0,0,1,3,4,3,7,5,4,4,7,5,6,5,6,4,6,5,6,7,7,7,6,2,6,5,5,5,7,9,8,6,8,9,7,7,8,9,8,9,7,11,9,8,10,11,8,12,9,17,6,9,11,12,9,7,12,10,9,10,11,9,10,13,9,15,11,11,12,15,8,12,11,15,12,12,11,6,9,12,11,14,10,11,10,13,11,14,11,14,12,10,11,12,9,13,12,13,10,14,10,17,10,8,19,13,10,17,10,0
SCO,:gb-sct: Scotland@@scotland,"<span style=""color:#2A6FB5"">Europe</span>",1872,1,1,1,1,2,2,2,2,2,2,2,2,3,3,3,3,3,3,3,3,3,3,3,3,3,3,3,3,3,3,5,3,3,3,3,3,3,3,3,3,3,3,3,0,0,0,0,0,3,3,3,3,3,4,3,3,3,7,4,7,4,4,3,4,4,6,5,1,1,3,3,2,3,3,7,5,6,4,7,7,6,4,9,7,5,8,8,6,7,8,4,8,5,9,6,4,5,8,4,10,9,9,11,10,7,10,10,9,8,9,11,11,6,8,11,8,8,8,11,6,11,8,7,9,10,10,10,10,7,6,9,12,11,9,7,10,7,7,7,10,8,10,7,6,8,8,10,10,8,15,10,10,13,10,0
WAL,:gb-wls: Wales@@wales,"<span style=""color:#2A6FB5"">Europe</span>",1876,0,0,0,0,1,1,1,2,2,2,3,3,3,3,3,3,3,3,3,3,3,3,3,3,3,3,3,3,3,3,3,3,3,3,3,3,3,3,3,3,3,3,3,0,0,0,0,0,3,3,3,3,3,4,3,4,3,3,3,4,3,4,2,2,4,3,3,4,1,3,2,3,2,3,3,3,3,7,3,5,3,5,5,4,3,7,10,3,4,6,7,4,5,8,6,3,3,7,4,8,4,6,6,6,8,9,6,8,6,8,7,9,8,6,6,6,6,6,6,8,9,7,7,6,7,6,6,5,7,7,7,9,9,9,8,12,10,10,6,10,7,9,6,7,13,8,9,10,8,16,12,10,10,10,0
EIR,💀 Ireland (unified)@@ireland (unified),"<span style=""color:#2A6FB5"">Europe</span>",1882,0,0,0,0,0,0,0,0,0,0,2,2,3,3,3,3,3,3,3,3,3,3,3,3,3,3,3,3,3,3,4,3,3,3,3,3,3,3,3,3,3,3,3,0,0,0,0,1,3,2,0,0,0,0,0,0,0,0,0,0,0,0,0,0,0,0,0,0,0,0,0,0,0,0,0,0,0,0,0,0,0,0,0,0,0,0,0,0,0,0,0,0,0,0,0,0,0,0,0,0,0,0,0,0,0,0,0,0,0,0,0,0,0,0,0,0,0,0,0,0,0,0,0,0,0,0,0,0,0,0,0,0,0,0,0,0,0,0,0,0,0,0,0,0,0,0,0,0,0,0,0,0,0,0,1
ARG,:ar: Argentina@@argentina,"<span style=""color:#8B2424"">LatAm</span>",1902,0,0,0,0,0,0,0,0,0,0,0,0,0,0,0,0,0,0,0,0,0,0,0,0,0,0,0,0,0,0,1,1,0,1,2,2,3,3,4,6,5,6,1,4,8,6,6,7,5,1,6,8,7,6,6,5,8,7,7,4,2,0,1,5,3,7,2,4,9,7,7,4,4,16,5,7,2,0,2,2,2,2,2,5,18,15,7,11,14,8,8,10,7,9,6,9,11,8,5,10,11,12,13,9,13,11,13,11,9,4,10,8,12,12,10,7,7,11,12,14,7,17,12,16,7,14,13,14,12,9,7,13,17,17,9,16,11,13,14,21,11,12,15,15,15,10,13,15,4,17,16,10,15,9,0
URU,:uy: Uruguay@@uruguay,"<span style=""color:#8B2424"">LatAm</span>",1902,0,0,0,0,0,0,0,0,0,0,0,0,0,0,0,0,0,0,0,0,0,0,0,0,0,0,0,0,0,0,1,1,0,1,2,2,3,3,4,6,5,5,1,4,8,5,6,7,5,1,5,6,13,5,4,6,9,7,5,1,3,0,0,5,2,7,2,5,4,4,8,2,6,9,7,9,4,7,10,0,5,7,9,5,11,12,2,11,5,5,10,2,5,11,10,11,8,7,9,6,7,8,11,7,11,10,3,8,14,8,4,15,7,17,11,4,8,18,10,13,8,15,1,17,8,18,1,11,10,17,10,13,14,11,10,14,11,12,13,16,10,17,13,12,12,10,13,13,4,15,11,10,14,10,0
AUT,:at: Austria@@austria,"<span style=""color:#2A6FB5"">Europe</span>",1902,0,0,0,0,0,0,0,0,0,0,0,0,0,0,0,0,0,0,0,0,0,0,0,0,0,0,0,0,0,0,1,2,2,1,1,2,5,4,2,3,8,3,4,4,4,7,4,3,3,6,6,6,9,10,7,7,7,6,5,9,8,8,11,6,8,8,1,1,0,0,0,0,0,3,6,4,8,7,7,6,7,6,11,7,7,8,8,6,8,5,9,7,5,9,7,7,7,6,7,7,6,7,6,7,8,8,13,8,7,6,11,6,7,6,6,7,10,10,12,8,10,9,8,7,6,8,11,7,7,10,8,8,8,9,8,12,14,9,7,11,8,10,8,8,12,8,11,10,8,16,10,10,14,10,0
HUN,:hu: Hungary@@hungary,"<span style=""color:#2A6FB5"">Europe</span>",1902,0,0,0,0,0,0,0,0,0,0,0,0,0,0,0,0,0,0,0,0,0,0,0,0,0,0,0,0,0,0,1,2,2,1,2,4,4,6,3,7,8,3,5,4,4,5,4,3,3,3,7,6,9,10,8,7,6,5,8,8,9,9,11,8,10,7,9,10,6,3,3,5,0,3,3,7,9,8,6,3,8,8,14,12,11,8,12,8,6,12,12,9,8,7,12,7,2,8,7,10,14,6,8,10,10,15,10,8,9,9,9,12,11,8,8,9,11,9,10,13,10,8,12,8,8,11,9,10,9,11,10,10,14,13,8,12,10,9,9,11,9,9,9,9,12,9,10,10,8,15,10,10,13,10,0
BEL,:be: Belgium@@belgium,"<span style=""color:#2A6FB5"">Europe</span>",1904,0,0,0,0,0,0,0,0,0,0,0,0,0,0,0,0,0,0,0,0,0,0,0,0,0,0,0,0,0,0,0,0,1,3,3,3,4,3,4,4,4,7,3,0,1,0,3,1,4,5,5,5,8,5,6,9,10,5,12,6,8,9,6,6,6,7,8,7,2,0,0,0,1,2,5,6,6,7,7,6,7,9,9,7,6,8,6,5,9,8,7,6,6,8,6,6,8,4,6,7,8,3,7,4,4,6,5,7,11,6,11,6,10,5,13,7,6,9,11,7,7,6,11,8,6,8,11,14,10,10,14,8,8,9,9,10,8,12,8,11,9,11,14,9,15,10,17,10,8,17,12,10,14,10,0
FRA,:fr: France@@france,"<span style=""color:#2A6FB5"">Europe</span>",1904,0,0,0,0,0,0,0,0,0,0,0,0,0,0,0,0,0,0,0,0,0,0,0,0,0,0,0,0,0,0,0,0,1,2,1,1,4,1,2,5,3,4,5,0,1,0,1,1,5,3,3,6,7,3,6,5,7,6,12,5,7,7,7,7,4,7,6,4,1,0,2,0,1,4,4,6,5,9,4,7,8,9,6,7,5,7,13,5,10,7,5,8,5,6,10,6,5,5,7,8,6,6,6,6,6,7,11,6,6,8,15,7,12,6,14,6,9,7,8,6,11,8,9,8,14,8,18,11,16,13,13,14,15,11,17,12,14,12,13,13,14,12,15,10,17,11,18,11,8,16,15,10,16,10,0
SUI,:ch: Switzerland@@switzerland,"<span style=""color:#2A6FB5"">Europe</span>",1904,0,0,0,0,0,0,0,0,0,0,0,0,0,0,0,0,0,0,0,0,0,0,0,0,0,0,0,0,0,0,0,0,0,1,0,0,2,1,1,6,3,4,3,1,0,2,2,0,5,4,5,7,10,7,6,4,8,6,7,7,7,9,7,8,8,10,12,7,2,4,6,3,0,5,5,6,7,6,10,6,6,6,9,6,7,5,5,4,6,4,6,5,7,5,8,8,6,6,6,6,5,6,7,7,8,9,5,7,10,8,9,13,8,12,9,9,9,9,9,10,8,8,15,9,10,8,7,11,9,10,8,8,11,11,13,10,13,9,12,9,9,9,12,10,12,9,14,10,7,17,13,10,15,10,0
NED,:nl: Netherlands@@netherlands,"<span style=""color:#2A6FB5"">Europe</span>",1904,0,0,0,0,0,0,0,0,0,0,0,0,0,0,0,0,0,0,0,0,0,0,0,0,0,0,0,0,0,0,0,0,0,2,2,2,5,2,4,2,8,2,4,0,0,0,0,3,7,5,4,4,9,5,6,5,11,7,6,5,7,6,6,7,5,6,6,6,3,0,0,0,0,0,4,4,6,6,6,4,5,5,8,7,7,8,8,7,8,6,7,7,7,5,7,7,6,6,5,5,5,7,14,7,6,6,14,8,9,8,7,7,4,6,7,8,11,8,12,6,13,7,15,9,11,7,15,9,14,10,7,11,17,11,14,12,15,11,17,11,13,12,17,9,11,11,10,10,8,16,13,10,16,10,0
CZE,:cz: Czechia@@czechia,"<span style=""color:#2A6FB5"">Europe</span>",1906,0,0,0,0,0,0,0,0,0,0,0,0,0,0,0,0,0,0,0,0,0,0,0,0,0,0,0,0,0,0,0,0,0,0,1,2,1,0,0,0,0,0,0,0,0,0,0,0,0,0,0,0,0,0,0,0,0,0,0,0,0,0,0,0,0,0,0,0,0,0,0,0,0,0,0,0,0,0,0,0,0,0,0,0,0,0,0,0,0,0,0,0,0,0,0,0,0,0,0,0,0,0,0,0,0,0,0,0,0,0,0,0,0,0,0,0,0,0,0,0,0,0,8,10,16,13,10,11,12,12,10,9,15,12,13,10,12,11,8,12,13,10,8,9,14,10,10,10,8,17,10,10,13,10,0
GER,:de: Germany@@germany,"<span style=""color:#2A6FB5"">Europe</span>",1904,0,0,0,0,0,0,0,0,0,0,0,0,0,0,0,0,0,0,0,0,0,0,0,0,0,0,0,0,0,0,0,0,0,0,0,0,2,2,4,6,8,3,1,0,0,0,0,0,3,3,3,6,7,4,4,3,6,5,6,7,5,6,8,17,11,11,10,14,10,8,10,0,0,0,0,0,0,0,0,0,0,0,0,0,0,0,0,0,0,0,0,0,0,0,0,0,0,0,0,0,0,0,0,0,0,0,0,0,0,0,0,0,0,0,0,0,0,0,1,7,14,11,15,12,16,9,17,13,12,11,18,11,16,15,18,12,16,11,17,13,14,12,16,8,16,15,13,10,8,16,12,11,15,10,0
NOR,:no: Norway@@norway,"<span style=""color:#2A6FB5"">Europe</span>",1908,0,0,0,0,0,0,0,0,0,0,0,0,0,0,0,0,0,0,0,0,0,0,0,0,0,0,0,0,0,0,0,0,0,0,0,0,1,0,1,1,6,3,4,3,5,4,4,5,5,4,6,6,4,3,4,5,4,7,5,4,4,4,3,5,9,8,8,7,0,0,0,0,0,3,6,7,5,5,6,7,6,9,10,8,7,11,6,10,6,9,8,8,7,8,7,7,7,11,8,8,7,8,6,8,7,6,7,7,7,9,8,4,11,11,8,9,8,10,11,9,11,10,14,13,7,13,14,13,14,11,10,13,13,16,10,11,8,10,9,9,10,13,12,9,10,9,10,10,6,12,10,10,10,10,0
SWE,:se: Sweden@@sweden,"<span style=""color:#2A6FB5"">Europe</span>",1904,0,0,0,0,0,0,0,0,0,0,0,0,0,0,0,0,0,0,0,0,0,0,0,0,0,0,0,0,0,0,0,0,0,0,0,0,4,0,1,4,6,6,5,4,5,4,4,8,8,8,6,8,16,7,12,9,8,7,9,7,12,7,7,9,6,8,10,6,4,3,4,5,0,7,5,7,10,8,11,9,11,11,9,9,6,8,10,7,6,8,14,8,8,9,9,8,9,12,11,9,8,11,13,8,10,10,10,12,10,10,9,12,8,8,8,9,10,9,12,9,14,9,19,11,11,10,9,11,12,17,14,14,16,12,15,13,14,13,10,13,13,15,11,12,14,11,16,12,10,16,10,12,11,10,0
DEN,:dk: Denmark@@denmark,"<span style=""color:#2A6FB5"">Europe</span>",1904,0,0,0,0,0,0,0,0,0,0,0,0,0,0,0,0,0,0,0,0,0,0,0,0,0,0,0,0,0,0,0,0,0,0,0,0,1,0,0,0,3,3,1,3,4,4,4,4,4,3,5,4,4,4,4,5,4,3,4,5,4,4,5,4,4,5,4,6,3,3,2,1,0,5,6,5,8,7,6,5,9,5,5,7,8,10,7,10,7,6,9,12,9,8,9,8,8,12,9,9,12,7,8,8,9,10,8,9,9,9,9,7,13,8,13,6,12,14,11,9,13,10,8,11,10,6,13,11,11,10,13,10,14,10,9,11,9,11,12,10,11,11,9,10,10,9,14,10,8,18,11,10,14,10,0
ITA,:it: Italy@@italy,"<span style=""color:#2A6FB5"">Europe</span>",1905,0,0,0,0,0,0,0,0,0,0,0,0,0,0,0,0,0,0,0,0,0,0,0,0,0,0,0,0,0,0,0,0,0,0,0,0,0,0,2,4,5,3,4,1,0,0,2,0,6,5,4,4,8,6,6,7,12,4,5,8,6,7,9,4,6,6,8,8,4,0,2,0,0,1,1,4,3,5,5,5,5,4,6,5,6,5,4,4,3,6,7,6,4,9,10,6,6,6,11,6,8,8,8,7,9,7,14,5,12,8,13,7,9,7,11,10,11,10,14,9,9,8,16,9,9,12,11,9,14,9,13,11,13,13,16,10,13,15,12,12,14,18,12,10,15,10,11,10,8,19,11,10,14,10,0
FIN,:fi: Finland@@finland,"<span style=""color:#2A6FB5"">Europe</span>",1908,0,0,0,0,0,0,0,0,0,0,0,0,0,0,0,0,0,0,0,0,0,0,0,0,0,0,0,0,0,0,0,0,0,0,0,0,0,0,0,1,4,0,1,0,0,0,0,2,2,4,3,7,6,8,6,4,4,7,5,5,6,5,6,6,5,6,6,7,3,1,0,2,0,2,3,5,5,6,5,6,7,6,5,5,6,9,4,6,5,6,3,3,7,7,7,7,6,7,5,7,6,5,6,6,9,8,8,10,9,9,9,5,11,10,11,5,11,13,9,7,9,15,14,11,9,10,10,10,13,13,11,14,13,13,12,10,9,11,9,10,10,12,10,9,11,10,11,12,8,15,10,12,10,10,0
LUX,:lu: Luxembourg@@luxembourg,"<span style=""color:#2A6FB5"">Europe</span>",1910,0,0,0,0,0,0,0,0,0,0,0,0,0,0,0,0,0,0,0,0,0,0,0,0,0,0,0,0,0,0,0,0,0,0,0,0,0,0,0,1,0,1,1,0,0,0,0,0,1,0,0,0,1,0,0,1,2,0,0,0,0,0,3,1,3,2,3,1,1,0,0,0,0,1,4,1,2,3,1,2,1,3,1,0,1,4,0,1,1,3,1,5,3,3,2,4,2,6,4,6,4,5,2,4,3,4,2,5,7,6,3,5,10,6,3,7,4,5,2,5,3,6,4,8,5,5,5,7,6,9,8,9,9,7,10,11,9,8,8,10,8,10,7,10,7,9,10,11,8,12,10,11,10,10,0
RUS,:ru: Russia@@russia,"<span style=""color:#6BAFE5"">Ex-USSR</span>",1912,0,0,0,0,0,0,0,0,0,0,0,0,0,0,0,0,0,0,0,0,0,0,0,0,0,0,0,0,0,0,0,0,0,0,0,0,0,0,0,0,4,2,3,0,0,0,0,0,0,0,0,0,0,0,0,0,0,0,0,0,0,0,0,0,0,0,0,0,0,0,0,0,0,0,0,0,0,0,0,0,0,0,0,0,0,0,0,0,0,0,0,0,0,0,0,0,0,0,0,0,0,0,0,0,0,0,0,0,0,0,0,0,0,0,0,0,0,0,0,0,3,12,12,10,15,11,11,9,7,11,12,10,11,10,7,10,13,10,7,11,13,10,13,9,12,11,15,10,8,15,3,6,5,10,0
CHI,:cl: Chile@@chile,"<span style=""color:#8B2424"">LatAm</span>",1913,0,0,0,0,0,0,0,0,0,0,0,0,0,0,0,0,0,0,0,0,0,0,0,0,0,0,0,0,0,0,0,0,0,0,0,0,0,0,0,0,0,1,0,0,4,3,0,2,2,0,3,0,3,0,4,1,2,0,3,0,0,0,0,3,1,4,0,6,0,4,5,0,0,6,5,7,0,7,7,0,5,9,6,7,11,12,0,9,12,8,8,2,2,11,14,9,7,10,3,10,9,10,9,6,2,8,0,13,4,13,7,15,2,19,1,8,12,21,2,13,0,9,8,12,12,17,14,12,17,15,1,10,12,9,9,19,14,15,16,17,11,14,14,15,15,14,10,13,4,18,11,10,12,10,0
USA,:us: United States@@united states,"<span style=""color:#E04E2A"">NA/Carib</span>",1914,0,0,0,0,0,0,0,0,0,0,0,0,0,0,0,0,0,0,0,0,0,0,0,0,0,0,0,0,0,0,0,0,0,0,0,0,0,0,0,0,0,0,0,0,2,0,0,0,0,0,0,0,4,2,1,0,3,0,4,0,0,0,2,0,0,3,0,0,0,0,0,0,0,0,0,2,0,4,3,0,1,1,4,1,0,4,0,1,2,1,0,0,1,6,0,0,9,2,0,0,4,12,2,5,10,9,3,5,6,0,1,1,11,8,2,10,15,12,23,17,20,33,24,14,15,17,16,13,16,15,20,14,14,20,15,17,14,24,14,16,14,23,15,20,19,17,11,18,4,21,16,18,14,17,0
ESP,:es: Spain@@spain,"<span style=""color:#2A6FB5"">Europe</span>",1904,0,0,0,0,0,0,0,0,0,0,0,0,0,0,0,0,0,0,0,0,0,0,0,0,0,0,0,0,0,0,0,0,0,0,0,0,0,0,0,0,0,0,0,0,0,0,0,0,5,1,1,3,3,5,1,3,4,3,4,4,1,4,5,3,4,0,0,0,0,3,3,0,0,2,1,2,3,5,8,3,4,4,3,5,1,7,4,5,8,7,6,5,5,5,6,5,7,6,5,6,6,6,5,4,3,6,12,6,11,13,10,7,13,9,12,7,13,8,11,8,9,9,15,9,11,6,10,10,14,9,13,11,13,12,14,12,16,16,17,12,16,17,12,9,15,10,14,10,8,18,13,10,17,10,0
TCH,💀 Czechoslovakia@@czechoslovakia,"<span style=""color:#2A6FB5"">Europe</span>",1906,0,0,0,0,0,0,0,0,0,0,0,0,0,0,0,0,0,0,0,0,0,0,0,0,0,0,0,0,0,0,0,0,0,0,0,0,0,0,0,0,0,0,0,0,0,0,0,0,3,1,3,4,5,3,8,11,5,8,8,8,7,7,10,6,6,11,9,0,0,0,0,0,0,0,5,6,7,7,5,2,5,9,3,5,10,7,10,6,6,8,11,6,5,7,6,7,4,6,9,7,9,6,11,10,11,10,10,9,16,12,11,8,6,8,9,7,11,8,13,12,8,7,0,0,0,0,0,0,0,0,0,0,0,0,0,0,0,0,0,0,0,0,0,0,0,0,0,0,0,0,0,0,0,0,1
NIR,:gb-nir: Northern Ireland@@northern ireland,"<span style=""color:#2A6FB5"">Europe</span>",1882,0,0,0,0,0,0,0,0,0,0,0,0,0,0,0,0,0,0,0,0,0,0,0,0,0,0,0,0,0,0,0,0,0,0,0,0,0,0,0,0,0,0,0,0,0,0,0,0,0,1,4,3,4,3,3,3,4,3,3,5,3,3,1,4,3,3,3,1,0,0,0,0,0,1,4,3,3,3,3,4,4,3,3,3,3,7,10,3,4,7,6,5,6,7,5,3,4,5,4,7,5,8,5,7,6,8,6,8,9,6,12,9,6,6,9,5,7,5,5,6,6,8,7,8,7,9,6,8,7,8,6,8,11,10,8,9,8,9,8,10,7,8,7,10,13,9,9,10,8,12,8,10,10,10,0
POL,:pl: Poland@@poland,"<span style=""color:#2A6FB5"">Europe</span>",1923,0,0,0,0,0,0,0,0,0,0,0,0,0,0,0,0,0,0,0,0,0,0,0,0,0,0,0,0,0,0,0,0,0,0,0,0,0,0,0,0,0,0,0,0,0,0,0,0,0,0,0,5,7,5,6,1,3,0,2,5,4,4,6,6,6,6,9,4,0,0,0,0,0,0,0,8,7,6,5,1,6,4,2,3,7,7,6,8,7,7,9,6,5,9,12,7,8,8,10,6,10,16,17,10,11,13,14,11,18,9,10,6,13,15,11,11,10,13,16,14,11,13,11,9,9,13,10,12,10,11,13,15,13,14,16,13,16,13,13,13,14,12,9,8,14,8,13,10,8,15,13,10,13,10,0
YUG,💀 Yugoslavia@@yugoslavia,"<span style=""color:#2A6FB5"">Europe</span>",1923,0,0,0,0,0,0,0,0,0,0,0,0,0,0,0,0,0,0,0,0,0,0,0,0,0,0,0,0,0,0,0,0,0,0,0,0,0,0,0,0,0,0,0,0,0,0,0,0,0,0,0,3,3,2,4,6,5,5,10,8,8,8,9,6,4,7,7,7,5,1,0,0,0,0,5,6,6,9,11,5,9,7,11,7,15,7,8,8,12,12,12,6,10,7,10,6,13,6,9,8,14,6,12,6,9,12,5,6,7,6,6,9,9,10,5,7,9,11,11,6,0,0,0,0,0,0,0,0,0,0,0,0,0,0,0,0,0,0,0,0,0,0,0,0,0,0,0,0,0,0,0,0,0,0,1
ROU,:ro: Romania@@romania,"<span style=""color:#2A6FB5"">Europe</span>",1923,0,0,0,0,0,0,0,0,0,0,0,0,0,0,0,0,0,0,0,0,0,0,0,0,0,0,0,0,0,0,0,0,0,0,0,0,0,0,0,0,0,0,0,0,0,0,0,0,0,0,0,4,3,2,4,2,2,4,6,5,5,3,5,7,4,8,6,5,5,2,3,1,0,1,3,7,6,4,3,1,4,4,2,6,4,6,3,4,3,2,5,7,4,6,9,11,5,7,10,8,11,5,9,12,6,9,10,8,9,10,12,15,12,10,11,9,9,8,15,10,8,10,17,8,11,8,14,11,15,12,8,10,9,10,10,12,11,10,9,14,10,11,8,7,13,9,10,10,7,12,10,10,13,10,0
EST,:ee: Estonia@@estonia,"<span style=""color:#2A6FB5"">Europe</span> &bull; <span style=""color:#6BAFE5"">Ex-USSR</span>",1923,0,0,0,0,0,0,0,0,0,0,0,0,0,0,0,0,0,0,0,0,0,0,0,0,0,0,0,0,0,0,0,0,0,0,0,0,0,0,0,0,0,0,0,0,0,0,0,0,0,0,0,4,7,4,5,5,5,6,6,7,7,8,2,8,5,9,6,4,1,0,0,0,0,0,0,0,0,0,0,0,0,0,0,0,0,0,0,0,0,0,0,0,0,0,0,0,0,0,0,0,0,0,0,0,0,0,0,0,0,0,0,0,0,0,0,0,0,0,0,2,4,14,11,12,12,16,14,16,11,13,11,17,15,12,7,14,14,13,13,14,13,13,12,10,14,13,12,12,8,13,10,12,12,10,0
LTU,:lt: Lithuania@@lithuania,"<span style=""color:#2A6FB5"">Europe</span> &bull; <span style=""color:#6BAFE5"">Ex-USSR</span>",1923,0,0,0,0,0,0,0,0,0,0,0,0,0,0,0,0,0,0,0,0,0,0,0,0,0,0,0,0,0,0,0,0,0,0,0,0,0,0,0,0,0,0,0,0,0,0,0,0,0,0,0,1,4,2,2,2,3,2,3,5,7,7,4,6,4,5,5,2,0,0,0,0,0,0,0,0,0,0,0,0,0,0,0,0,0,0,0,0,0,0,0,0,0,0,0,0,0,0,0,0,0,0,0,0,0,0,0,0,0,0,0,0,0,0,0,0,0,0,0,2,9,13,8,12,10,11,12,10,9,10,8,11,8,9,8,11,12,9,8,8,10,9,10,8,9,7,12,10,8,13,10,10,10,10,0
LVA,:lv: Latvia@@latvia,"<span style=""color:#2A6FB5"">Europe</span> &bull; <span style=""color:#6BAFE5"">Ex-USSR</span>",1923,0,0,0,0,0,0,0,0,0,0,0,0,0,0,0,0,0,0,0,0,0,0,0,0,0,0,0,0,0,0,0,0,0,0,0,0,0,0,0,0,0,0,0,0,0,0,0,0,0,0,0,1,5,3,4,5,6,5,6,8,8,6,5,9,5,10,6,4,1,0,0,0,0,0,0,0,0,0,0,0,0,0,0,0,0,0,0,0,0,0,0,0,0,0,0,0,0,0,0,0,0,0,0,0,0,0,0,0,0,0,0,0,0,0,0,0,0,0,0,2,12,9,8,10,8,13,12,9,8,10,8,13,17,14,6,12,10,9,10,9,9,11,8,8,8,10,12,10,8,13,10,10,10,10,0
TUR,:tr: Turkey@@turkey,"<span style=""color:#2A6FB5"">Europe</span> &bull; <span style=""color:#D4A017"">MENA</span>",1923,0,0,0,0,0,0,0,0,0,0,0,0,0,0,0,0,0,0,0,0,0,0,0,0,0,0,0,0,0,0,0,0,0,0,0,0,0,0,0,0,0,0,0,0,0,0,0,0,0,0,0,1,6,4,3,2,3,0,0,3,5,1,1,6,2,1,0,0,0,0,0,0,0,0,0,0,5,4,5,4,2,2,7,1,5,4,5,2,2,7,7,4,3,9,5,8,5,7,2,5,3,7,6,7,6,9,5,6,5,5,3,8,10,9,3,6,5,6,5,10,9,6,7,15,14,8,6,7,10,12,16,16,13,11,13,12,16,10,10,10,12,12,10,9,13,10,11,12,8,16,10,10,15,10,0
BRA,:br: Brazil@@brazil,"<span style=""color:#8B2424"">LatAm</span>",1923,0,0,0,0,0,0,0,0,0,0,0,0,0,0,0,0,0,0,0,0,0,0,0,0,0,0,0,0,0,0,0,0,0,0,0,0,0,0,0,0,0,0,0,0,0,0,0,0,0,0,0,4,0,4,0,0,0,0,5,1,1,0,2,0,1,5,5,2,7,0,6,0,2,9,7,2,2,8,11,0,5,7,7,4,25,14,10,14,15,5,12,18,3,10,17,4,20,9,14,7,5,9,16,6,10,13,12,8,8,16,11,14,3,11,12,11,7,22,11,14,10,21,13,18,6,24,18,20,13,20,15,12,18,16,12,18,11,17,12,16,13,19,16,14,12,11,15,16,4,17,13,9,13,10,0
POR,:pt: Portugal@@portugal,"<span style=""color:#2A6FB5"">Europe</span>",1923,0,0,0,0,0,0,0,0,0,0,0,0,0,0,0,0,0,0,0,0,0,0,0,0,0,0,0,0,0,0,0,0,0,0,0,0,0,0,0,0,0,0,0,0,0,0,0,0,0,0,0,1,0,2,2,2,7,3,4,2,1,2,2,1,2,0,4,1,1,2,1,0,0,3,2,6,2,4,4,4,3,3,3,5,4,7,2,6,3,5,5,2,7,7,12,6,3,6,2,5,10,5,3,7,5,4,5,5,6,9,6,8,10,7,8,8,2,11,4,9,8,10,6,9,13,7,6,9,14,10,11,12,16,12,15,12,13,12,13,10,14,12,12,10,17,15,15,10,8,16,14,10,16,10,0
EGY,:eg: Egypt@@egypt,"<span style=""color:#D4A017"">MENA</span>",1923,0,0,0,0,0,0,0,0,0,0,0,0,0,0,0,0,0,0,0,0,0,0,0,0,0,0,0,0,0,0,0,0,0,0,0,0,0,0,0,0,0,0,0,0,0,0,0,0,0,0,0,0,5,0,0,0,6,0,0,0,1,0,4,0,2,0,0,0,0,0,0,0,0,0,0,0,2,2,1,3,2,3,4,6,2,5,0,0,0,0,3,11,6,6,3,5,2,7,7,9,10,10,9,13,8,14,3,5,7,4,2,20,18,15,8,16,19,23,20,11,15,14,15,18,12,20,16,14,18,21,16,12,15,16,13,10,18,17,13,10,19,16,10,7,9,13,12,12,2,14,15,10,15,12,0
BUL,:bg: Bulgaria@@bulgaria,"<span style=""color:#2A6FB5"">Europe</span>",1924,0,0,0,0,0,0,0,0,0,0,0,0,0,0,0,0,0,0,0,0,0,0,0,0,0,0,0,0,0,0,0,0,0,0,0,0,0,0,0,0,0,0,0,0,0,0,0,0,0,0,0,0,1,2,2,3,0,3,5,5,7,4,8,5,2,3,2,2,2,0,2,1,0,0,3,5,5,4,4,0,2,7,2,7,6,8,7,6,10,6,8,6,3,10,8,7,10,8,11,8,7,14,17,7,11,10,13,9,10,17,10,10,9,12,13,6,14,8,5,9,8,9,14,9,12,6,12,11,11,12,8,10,13,11,9,11,7,10,9,9,9,9,6,7,8,7,8,10,9,13,10,10,10,10,0
IRL,:ie: Republic of Ireland@@republic of ireland,"<span style=""color:#2A6FB5"">Europe</span>",1882,0,0,0,0,0,0,0,0,0,0,0,0,0,0,0,0,0,0,0,0,0,0,0,0,0,0,0,0,0,0,0,0,0,0,0,0,0,0,0,0,0,0,0,0,0,0,0,0,0,0,0,0,4,0,1,0,1,1,1,2,1,0,3,3,5,4,4,3,0,0,0,0,0,0,3,2,3,8,2,3,4,4,2,5,3,3,3,3,5,4,3,3,6,4,6,3,4,7,6,3,6,5,5,4,5,5,6,9,8,6,7,5,7,9,7,8,10,8,13,8,10,9,12,9,11,10,6,10,9,10,12,11,13,9,7,11,8,12,9,14,12,14,10,9,13,11,9,10,8,12,10,10,10,10,0
RSA,:za: South Africa@@south africa,"<span style=""color:#6BB04A"">E. Africa</span>",1910,0,0,0,0,0,0,0,0,0,0,0,0,0,0,0,0,0,0,0,0,0,0,0,0,0,0,0,0,0,0,0,0,0,0,0,0,0,0,0,0,0,0,0,0,0,0,0,0,0,0,0,0,2,0,0,0,0,0,0,0,0,0,0,0,0,0,0,0,0,0,0,0,0,0,0,0,0,0,0,0,0,1,1,0,0,0,0,0,0,0,0,0,0,0,0,0,0,0,0,0,0,0,0,0,0,0,0,0,0,0,0,0,0,0,0,0,0,0,0,0,7,8,10,7,13,13,15,14,18,14,24,10,13,16,11,16,19,19,18,9,13,19,9,21,12,12,10,10,4,14,10,14,20,11,0
URS,💀 Soviet Union@@soviet union,"<span style=""color:#6BAFE5"">Ex-USSR</span>",1912,0,0,0,0,0,0,0,0,0,0,0,0,0,0,0,0,0,0,0,0,0,0,0,0,0,0,0,0,0,0,0,0,0,0,0,0,0,0,0,0,0,0,0,0,0,0,0,0,0,0,0,0,1,1,0,0,0,0,0,1,4,1,1,6,0,0,0,0,0,0,0,0,0,0,0,0,0,0,0,0,3,0,2,8,12,8,10,3,8,10,8,5,9,12,17,16,10,8,12,12,21,10,3,8,12,10,11,11,9,6,10,9,6,13,13,9,17,9,15,14,10,0,0,0,0,0,0,0,0,0,0,0,0,0,0,0,0,0,0,0,0,0,0,0,0,0,0,0,0,0,0,0,0,0,1
CAN,:ca: Canada@@canada,"<span style=""color:#E04E2A"">NA/Carib</span>",1913,0,0,0,0,0,0,0,0,0,0,0,0,0,0,0,0,0,0,0,0,0,0,0,0,0,0,0,0,0,0,0,0,0,0,0,0,0,0,0,0,0,0,0,0,0,0,0,0,0,0,0,0,0,2,1,0,0,0,0,0,0,0,0,0,0,0,0,0,0,0,0,0,0,0,0,0,0,0,0,0,0,0,0,0,0,4,0,0,0,0,0,0,0,0,0,0,4,0,0,0,5,6,3,5,6,6,0,0,8,6,0,6,7,17,16,7,13,5,2,5,11,14,5,8,8,11,1,10,17,6,6,9,10,8,5,9,11,8,6,11,9,11,5,14,10,9,4,8,3,18,15,10,12,13,0
PAR,:py: Paraguay@@paraguay,"<span style=""color:#8B2424"">LatAm</span>",1925,0,0,0,0,0,0,0,0,0,0,0,0,0,0,0,0,0,0,0,0,0,0,0,0,0,0,0,0,0,0,0,0,0,0,0,0,0,0,0,0,0,0,0,0,0,0,0,0,0,0,0,0,0,11,6,0,2,3,2,4,0,0,0,0,0,5,0,7,2,0,6,2,0,4,5,7,0,8,7,0,0,6,6,7,9,9,7,11,5,8,4,11,2,11,5,6,4,12,2,7,6,7,2,8,6,15,0,14,5,5,0,13,0,19,13,5,8,22,0,7,0,14,0,12,10,16,14,17,14,14,11,14,12,12,10,16,13,13,16,20,11,9,8,14,12,9,3,14,4,15,11,8,12,10,0
BOL,:bo: Bolivia@@bolivia,"<span style=""color:#8B2424"">LatAm</span>",1926,0,0,0,0,0,0,0,0,0,0,0,0,0,0,0,0,0,0,0,0,0,0,0,0,0,0,0,0,0,0,0,0,0,0,0,0,0,0,0,0,0,0,0,0,0,0,0,0,0,0,0,0,0,0,4,3,0,0,2,0,0,0,0,0,0,0,5,0,0,0,0,0,0,6,5,7,1,7,3,0,0,5,0,0,0,8,0,6,0,2,2,8,0,4,0,5,0,4,0,1,4,11,0,7,0,11,0,7,8,7,0,8,0,11,0,4,0,14,0,6,0,21,16,10,17,18,0,16,15,12,5,8,11,7,1,12,11,9,3,15,8,10,6,10,10,8,10,10,4,17,7,11,14,11,0
PER,:pe: Peru@@peru,"<span style=""color:#8B2424"">LatAm</span>",1924,0,0,0,0,0,0,0,0,0,0,0,0,0,0,0,0,0,0,0,0,0,0,0,0,0,0,0,0,0,0,0,0,0,0,0,0,0,0,0,0,0,0,0,0,0,0,0,0,0,0,0,0,0,0,0,3,0,3,2,0,0,0,0,3,2,4,4,4,0,7,6,0,0,0,0,7,0,7,0,0,5,7,2,5,10,9,0,7,1,3,1,6,0,7,2,4,7,14,15,4,13,11,0,13,4,12,12,10,2,8,9,12,5,19,3,5,4,19,0,8,1,20,7,7,12,19,2,13,14,13,0,15,14,10,7,14,10,11,5,15,12,12,9,14,13,10,14,15,4,17,12,10,13,10,0
GRE,:gr: Greece@@greece,"<span style=""color:#2A6FB5"">Europe</span>",1927,0,0,0,0,0,0,0,0,0,0,0,0,0,0,0,0,0,0,0,0,0,0,0,0,0,0,0,0,0,0,0,0,0,0,0,0,0,0,0,0,0,0,0,0,0,0,0,0,0,0,0,0,0,0,0,0,0,1,3,3,5,3,4,4,4,0,3,0,0,0,0,0,0,0,0,0,2,4,1,3,1,2,4,2,0,4,2,2,5,3,1,3,4,5,1,7,3,8,6,8,6,5,7,6,4,9,13,4,11,8,10,9,11,7,9,9,12,15,8,10,7,6,14,11,9,8,5,18,10,10,9,11,16,13,10,11,14,10,12,12,13,10,13,8,10,8,9,11,8,12,10,10,10,10,0
CRC,:cr: Costa Rica@@costa rica,"<span style=""color:#8B2424"">LatAm</span> &bull; <span style=""color:#E04E2A"">NA/Carib</span>",1927,0,0,0,0,0,0,0,0,0,0,0,0,0,0,0,0,0,0,0,0,0,0,0,0,0,0,0,0,0,0,0,0,0,0,0,0,0,0,0,0,0,0,0,0,0,0,0,0,0,0,0,0,0,0,0,0,0,0,1,0,0,0,0,2,0,0,2,0,2,5,0,2,0,0,7,0,8,0,2,5,0,6,0,7,5,6,0,3,15,12,0,8,0,18,0,3,9,6,1,5,8,0,0,11,7,1,0,7,15,0,0,9,5,15,0,0,8,11,9,13,15,15,3,9,16,21,4,13,15,21,13,17,14,24,9,18,12,21,10,22,13,22,16,16,12,19,14,13,4,17,14,10,14,14,0
CUB,:cu: Cuba@@cuba,"<span style=""color:#8B2424"">LatAm</span> &bull; <span style=""color:#E04E2A"">NA/Carib</span>",1929,0,0,0,0,0,0,0,0,0,0,0,0,0,0,0,0,0,0,0,0,0,0,0,0,0,0,0,0,0,0,0,0,0,0,0,0,0,0,0,0,0,0,0,0,0,0,0,0,0,0,0,0,0,0,0,0,0,0,1,0,0,0,3,2,0,0,3,0,0,1,0,0,0,0,0,2,0,7,0,0,0,0,2,4,0,4,0,1,4,4,4,0,0,4,4,5,2,0,5,11,1,0,9,10,11,3,4,6,7,7,4,15,4,2,4,12,3,0,1,0,3,0,0,9,19,4,4,11,13,12,6,11,7,8,7,9,18,0,7,8,15,4,6,11,3,0,10,14,0,6,7,10,8,8,0
CHN,:cn: China@@china,"<span style=""color:#5B4FB0"">E. Asia</span>",1923,0,0,0,0,0,0,0,0,0,0,0,0,0,0,0,0,0,0,0,0,0,0,0,0,0,0,0,0,0,0,0,0,0,0,0,0,0,0,0,0,0,0,0,0,0,0,0,0,0,0,0,0,0,0,0,0,0,0,1,0,0,0,3,0,0,0,0,1,2,0,1,0,0,0,0,0,3,0,0,0,1,0,0,0,3,5,0,3,1,0,0,12,1,5,8,0,0,0,0,3,10,4,10,14,5,9,15,0,16,8,11,9,21,10,18,11,14,15,12,2,15,14,8,3,14,26,15,0,19,23,10,7,22,9,9,11,19,16,16,18,8,14,13,16,9,11,11,17,0,10,7,11,14,8,0
JPN,:jp: Japan@@japan,"<span style=""color:#5B4FB0"">E. Asia</span>",1929,0,0,0,0,0,0,0,0,0,0,0,0,0,0,0,0,0,0,0,0,0,0,0,0,0,0,0,0,0,0,0,0,0,0,0,0,0,0,0,0,0,0,0,0,0,0,0,0,0,0,0,0,0,0,0,0,0,0,1,0,0,0,3,0,1,0,0,1,2,0,1,0,0,0,0,0,0,0,0,3,0,0,4,2,4,0,4,10,1,7,8,6,3,5,7,11,4,4,13,6,8,5,8,12,17,5,14,9,12,16,8,10,7,9,6,11,13,11,6,2,11,16,9,17,13,21,17,7,18,13,13,16,22,20,19,13,19,17,19,15,12,19,12,17,10,13,14,23,4,12,18,10,16,13,0
MEX,:mx: Mexico@@mexico,"<span style=""color:#8B2424"">LatAm</span> &bull; <span style=""color:#E04E2A"">NA/Carib</span>",1929,0,0,0,0,0,0,0,0,0,0,0,0,0,0,0,0,0,0,0,0,0,0,0,0,0,0,0,0,0,0,0,0,0,0,0,0,0,0,0,0,0,0,0,0,0,0,0,0,0,0,0,0,0,0,0,0,0,0,3,0,0,0,4,2,0,3,2,0,0,0,0,0,0,0,0,2,1,4,3,0,5,2,4,0,5,6,3,3,9,10,8,3,0,13,9,9,15,24,15,17,10,10,3,7,5,12,8,4,14,8,0,6,16,21,10,9,7,4,7,15,15,28,12,17,19,25,18,24,18,27,13,13,18,26,12,22,15,20,19,19,12,22,17,23,14,24,16,16,5,23,20,20,13,16,0
MPL,💀 Mandatory Palestine@@mandatory palestine,"<span style=""color:#D4A017"">MENA</span>",1929,0,0,0,0,0,0,0,0,0,0,0,0,0,0,0,0,0,0,0,0,0,0,0,0,0,0,0,0,0,0,0,0,0,0,0,0,0,0,0,0,0,0,0,0,0,0,0,0,0,0,0,0,0,0,0,0,0,0,0,0,0,0,3,0,0,0,2,0,1,0,0,0,0,0,0,0,0,0,0,0,0,0,0,0,0,0,0,0,0,0,0,0,0,0,0,0,0,0,0,0,0,0,0,0,0,0,0,0,0,0,0,0,0,0,0,0,0,0,0,0,0,0,0,0,0,0,0,0,0,0,0,0,0,0,0,0,0,0,0,0,0,0,0,0,0,0,0,0,0,0,0,0,0,0,1
PHI,:ph: Philippines@@philippines,"<span style=""color:#5B4FB0"">E. Asia</span> &bull; <span style=""color:#8C6BC4"">S. Asia</span>",1930,0,0,0,0,0,0,0,0,0,0,0,0,0,0,0,0,0,0,0,0,0,0,0,0,0,0,0,0,0,0,0,0,0,0,0,0,0,0,0,0,0,0,0,0,0,0,0,0,0,0,0,0,0,0,0,0,0,0,0,0,0,0,3,0,0,0,0,0,2,0,0,0,0,0,0,0,1,0,0,0,0,3,1,0,2,0,6,2,0,0,6,1,0,0,0,9,0,0,0,11,15,0,3,0,3,3,3,0,6,5,3,4,5,3,1,4,0,3,0,7,0,5,0,4,10,6,5,4,6,7,5,0,3,0,7,4,7,3,11,14,23,9,20,8,9,7,12,9,0,7,10,11,15,5,0
IDN,:id: Indonesia@@indonesia,"<span style=""color:#5B4FB0"">E. Asia</span> &bull; <span style=""color:#C44A8A"">Oceania</span> &bull; <span style=""color:#8C6BC4"">S. Asia</span>",1924,0,0,0,0,0,0,0,0,0,0,0,0,0,0,0,0,0,0,0,0,0,0,0,0,0,0,0,0,0,0,0,0,0,0,0,0,0,0,0,0,0,0,0,0,0,0,0,0,0,0,0,0,0,0,0,0,0,0,0,0,0,0,3,0,0,0,2,0,0,0,0,0,0,0,0,0,0,0,0,1,0,2,3,0,5,7,12,1,10,9,16,6,2,6,5,11,15,8,21,28,23,11,13,14,13,7,11,16,17,23,6,17,10,15,9,8,10,14,4,10,5,14,0,5,17,19,5,11,11,6,7,7,18,4,4,11,13,5,13,10,11,9,13,2,11,6,8,8,0,16,12,12,22,8,0
ANT,💀 Netherlands Antilles@@netherlands antilles,"<span style=""color:#8B2424"">LatAm</span> &bull; <span style=""color:#E04E2A"">NA/Carib</span>",1932,0,0,0,0,0,0,0,0,0,0,0,0,0,0,0,0,0,0,0,0,0,0,0,0,0,0,0,0,0,0,0,0,0,0,0,0,0,0,0,0,0,0,0,0,0,0,0,0,0,0,0,0,0,0,0,0,0,0,0,0,0,0,3,3,0,0,3,0,0,3,0,0,4,0,6,7,10,1,8,1,0,6,4,7,1,7,2,4,8,7,9,12,0,11,7,4,7,5,6,3,2,7,0,0,2,0,8,3,4,0,1,2,2,0,2,0,6,5,4,0,5,0,0,5,0,0,0,0,0,0,0,0,0,0,0,0,0,0,0,0,0,0,0,0,0,0,0,0,0,0,0,0,0,0,1
SUR,:sr: Suriname@@suriname,"<span style=""color:#E04E2A"">NA/Carib</span>",1929,0,0,0,0,0,0,0,0,0,0,0,0,0,0,0,0,0,0,0,0,0,0,0,0,0,0,0,0,0,0,0,0,0,0,0,0,0,0,0,0,0,0,0,0,0,0,0,0,0,0,0,0,0,0,0,0,0,0,0,0,0,0,3,3,0,0,3,0,0,0,0,0,2,0,1,3,2,1,2,0,0,0,4,0,0,0,0,2,7,0,0,3,1,4,3,2,4,1,2,6,4,4,5,9,7,6,7,9,7,2,1,6,6,8,0,0,0,0,4,2,8,0,5,0,8,0,2,3,4,6,2,0,9,0,5,0,16,2,7,10,6,1,1,5,5,2,3,8,0,6,8,6,7,11,0
COL,:co: Colombia@@colombia,"<span style=""color:#8B2424"">LatAm</span>",1936,0,0,0,0,0,0,0,0,0,0,0,0,0,0,0,0,0,0,0,0,0,0,0,0,0,0,0,0,0,0,0,0,0,0,0,0,0,0,0,0,0,0,0,0,0,0,0,0,0,0,0,0,0,0,0,0,0,0,0,0,0,0,0,0,0,0,6,0,0,0,0,0,0,6,5,7,0,7,0,0,0,0,0,0,0,11,0,0,0,3,6,8,0,4,2,0,1,13,1,2,5,8,0,9,1,7,0,6,1,9,0,7,5,19,0,6,6,16,12,11,3,18,16,17,12,17,9,15,16,18,4,16,16,17,7,17,13,12,8,12,8,12,13,12,15,11,11,14,4,17,9,13,16,10,0
ECU,:ec: Ecuador@@ecuador,"<span style=""color:#8B2424"">LatAm</span>",1932,0,0,0,0,0,0,0,0,0,0,0,0,0,0,0,0,0,0,0,0,0,0,0,0,0,0,0,0,0,0,0,0,0,0,0,0,0,0,0,0,0,0,0,0,0,0,0,0,0,0,0,0,0,0,0,0,0,0,0,0,0,0,0,0,0,0,5,4,0,4,6,0,0,6,0,7,0,7,0,0,0,6,0,5,0,6,0,5,2,0,0,6,0,5,2,0,0,5,1,0,4,10,0,8,1,10,0,8,0,6,0,6,6,9,0,10,9,14,0,8,5,18,4,10,16,19,1,16,15,14,15,10,15,17,11,18,12,10,7,17,8,13,11,12,13,10,6,12,4,18,13,10,14,10,0
VEN,:ve: Venezuela@@venezuela,"<span style=""color:#8B2424"">LatAm</span>",1938,0,0,0,0,0,0,0,0,0,0,0,0,0,0,0,0,0,0,0,0,0,0,0,0,0,0,0,0,0,0,0,0,0,0,0,0,0,0,0,0,0,0,0,0,0,0,0,0,0,0,0,0,0,0,0,0,0,0,0,0,0,0,0,0,0,0,4,0,0,0,0,0,2,0,5,0,1,0,0,1,0,0,0,2,4,0,0,2,0,2,4,0,0,6,0,5,0,6,0,1,5,1,0,4,0,5,1,4,0,6,0,4,0,8,0,2,0,12,0,4,0,15,1,6,15,14,0,13,15,12,5,12,15,10,9,18,16,13,14,21,11,9,4,13,16,9,5,12,4,14,10,11,11,10,0
HAI,:ht: Haiti@@haiti,"<span style=""color:#8B2424"">LatAm</span> &bull; <span style=""color:#E04E2A"">NA/Carib</span>",1934,0,0,0,0,0,0,0,0,0,0,0,0,0,0,0,0,0,0,0,0,0,0,0,0,0,0,0,0,0,0,0,0,0,0,0,0,0,0,0,0,0,0,0,0,0,0,0,0,0,0,0,0,0,0,0,0,0,0,0,0,0,0,0,0,0,0,0,3,0,0,0,0,2,0,0,4,0,1,2,0,0,2,2,0,5,4,0,1,0,9,0,3,0,5,3,14,6,8,1,10,5,20,11,6,11,7,5,13,10,8,0,1,4,4,0,0,0,1,0,5,3,0,3,0,9,2,7,11,16,11,5,7,14,7,10,14,21,10,5,7,8,10,6,11,10,6,4,14,0,11,5,11,6,12,0
PAN,:pa: Panama@@panama,"<span style=""color:#8B2424"">LatAm</span> &bull; <span style=""color:#E04E2A"">NA/Carib</span>",1938,0,0,0,0,0,0,0,0,0,0,0,0,0,0,0,0,0,0,0,0,0,0,0,0,0,0,0,0,0,0,0,0,0,0,0,0,0,0,0,0,0,0,0,0,0,0,0,0,0,0,0,0,0,0,0,0,0,0,0,0,0,0,0,0,0,0,0,3,0,4,0,0,0,0,9,0,8,3,0,4,5,6,2,0,4,4,0,2,0,9,0,4,1,2,3,2,0,2,3,4,3,2,5,9,7,3,4,4,11,0,0,2,8,4,3,9,2,1,0,2,4,7,0,4,17,4,0,2,20,15,0,9,16,24,6,18,6,13,10,20,13,21,10,17,16,19,13,12,6,18,14,17,13,13,0
SLK,💀 Slovak Republic@@slovak republic,"<span style=""color:#2A6FB5"">Europe</span>",1939,0,0,0,0,0,0,0,0,0,0,0,0,0,0,0,0,0,0,0,0,0,0,0,0,0,0,0,0,0,0,0,0,0,0,0,0,0,0,0,0,0,0,0,0,0,0,0,0,0,0,0,0,0,0,0,0,0,0,0,0,0,0,0,0,0,0,0,2,2,4,4,3,1,0,0,0,0,0,0,0,0,0,0,0,0,0,0,0,0,0,0,0,0,0,0,0,0,0,0,0,0,0,0,0,0,0,0,0,0,0,0,0,0,0,0,0,0,0,0,0,0,0,0,0,0,0,0,0,0,0,0,0,0,0,0,0,0,0,0,0,0,0,0,0,0,0,0,0,0,0,0,0,0,0,1
SLV,:sv: El Salvador@@el salvador,"<span style=""color:#8B2424"">LatAm</span> &bull; <span style=""color:#E04E2A"">NA/Carib</span>",1938,0,0,0,0,0,0,0,0,0,0,0,0,0,0,0,0,0,0,0,0,0,0,0,0,0,0,0,0,0,0,0,0,0,0,0,0,0,0,0,0,0,0,0,0,0,0,0,0,0,0,0,0,0,0,0,0,0,0,0,0,0,0,0,0,0,0,0,0,2,5,0,2,0,0,4,0,8,2,6,0,0,6,2,7,0,0,0,1,0,6,0,10,0,7,5,4,16,8,6,5,4,1,1,6,7,8,1,6,12,8,5,4,10,7,0,11,12,11,0,6,18,12,3,5,17,19,7,12,17,11,4,14,14,3,4,16,21,21,6,20,12,11,11,15,9,13,6,14,2,25,13,10,11,12,0
LBN,:lb: Lebanon@@lebanon,"<span style=""color:#D4A017"">MENA</span>",1936,0,0,0,0,0,0,0,0,0,0,0,0,0,0,0,0,0,0,0,0,0,0,0,0,0,0,0,0,0,0,0,0,0,0,0,0,0,0,0,0,0,0,0,0,0,0,0,0,0,0,0,0,0,0,0,0,0,0,0,0,0,0,0,0,0,0,0,0,1,0,1,0,0,0,0,2,0,0,0,0,0,1,0,1,1,3,0,2,0,3,0,6,5,3,6,5,0,0,1,8,0,0,4,3,0,0,0,2,0,0,0,0,0,5,0,1,7,2,0,0,0,13,0,1,14,17,15,6,16,11,7,11,16,1,5,5,12,11,2,13,17,17,5,11,10,6,7,13,1,14,6,16,14,10,0
NDH,💀 Ind. State of Croatia@@ind. state of croatia,"<span style=""color:#2A6FB5"">Europe</span>",1941,0,0,0,0,0,0,0,0,0,0,0,0,0,0,0,0,0,0,0,0,0,0,0,0,0,0,0,0,0,0,0,0,0,0,0,0,0,0,0,0,0,0,0,0,0,0,0,0,0,0,0,0,0,0,0,0,0,0,0,0,0,0,0,0,0,0,0,0,0,2,8,3,1,0,0,0,0,0,0,0,0,0,0,0,0,0,0,0,0,0,0,0,0,0,0,0,0,0,0,0,0,0,0,0,0,0,0,0,0,0,0,0,0,0,0,0,0,0,0,0,0,0,0,0,0,0,0,0,0,0,0,0,0,0,0,0,0,0,0,0,0,0,0,0,0,0,0,0,0,0,0,0,0,0,1
SYR,:sy: Syria@@syria,"<span style=""color:#D4A017"">MENA</span>",1937,0,0,0,0,0,0,0,0,0,0,0,0,0,0,0,0,0,0,0,0,0,0,0,0,0,0,0,0,0,0,0,0,0,0,0,0,0,0,0,0,0,0,0,0,0,0,0,0,0,0,0,0,0,0,0,0,0,0,0,0,0,0,0,0,0,0,0,0,0,0,1,0,0,0,0,2,0,3,0,2,0,2,0,1,0,5,0,0,0,0,0,6,0,2,4,0,0,0,0,8,4,11,4,4,7,3,9,3,10,5,4,9,12,17,1,9,22,4,0,0,7,10,0,3,15,11,11,6,21,13,13,11,22,7,15,13,19,18,13,9,10,8,3,11,13,12,9,20,2,14,11,8,15,10,0
ALB,:al: Albania@@albania,"<span style=""color:#2A6FB5"">Europe</span>",1932,0,0,0,0,0,0,0,0,0,0,0,0,0,0,0,0,0,0,0,0,0,0,0,0,0,0,0,0,0,0,0,0,0,0,0,0,0,0,0,0,0,0,0,0,0,0,0,0,0,0,0,0,0,0,0,0,0,0,0,0,0,0,0,0,0,0,0,0,0,0,0,0,0,0,3,4,3,4,5,0,2,2,0,0,0,0,1,0,0,0,0,2,2,4,0,4,0,0,2,6,2,5,0,0,1,0,0,0,4,4,3,5,3,4,2,4,4,5,4,5,6,7,4,7,4,7,8,8,8,7,9,10,8,10,6,11,7,9,9,11,9,10,8,7,11,9,9,10,7,12,11,9,13,10,0
GUA,:gt: Guatemala@@guatemala,"<span style=""color:#8B2424"">LatAm</span> &bull; <span style=""color:#E04E2A"">NA/Carib</span>",1946,0,0,0,0,0,0,0,0,0,0,0,0,0,0,0,0,0,0,0,0,0,0,0,0,0,0,0,0,0,0,0,0,0,0,0,0,0,0,0,0,0,0,0,0,0,0,0,0,0,0,0,0,0,0,0,0,0,0,0,0,0,0,0,0,0,0,0,0,0,0,0,0,0,0,5,0,8,1,4,0,0,6,0,5,0,3,0,0,3,4,0,6,0,7,1,13,10,7,0,6,7,7,0,5,11,7,0,6,17,0,0,10,8,7,2,7,19,12,1,6,6,0,0,4,21,11,6,20,20,9,6,14,19,24,6,15,14,7,8,15,14,11,7,16,9,0,5,11,4,13,11,15,12,15,0
ISL,:is: Iceland@@iceland,"<span style=""color:#2A6FB5"">Europe</span>",1946,0,0,0,0,0,0,0,0,0,0,0,0,0,0,0,0,0,0,0,0,0,0,0,0,0,0,0,0,0,0,0,0,0,0,0,0,0,0,0,0,0,0,0,0,0,0,0,0,0,0,0,0,0,0,0,0,0,0,0,0,0,0,0,0,0,0,0,0,0,0,0,0,0,0,0,1,1,1,0,2,0,2,2,2,1,6,0,4,2,0,3,0,2,1,0,1,1,4,2,2,4,6,4,6,5,6,5,6,7,6,8,5,5,5,8,7,8,5,8,9,8,7,10,7,11,10,8,10,9,9,9,8,9,9,6,9,12,11,9,6,10,10,9,11,17,11,14,12,10,13,14,12,12,10,0
KOR,:kr: South Korea@@south korea,"<span style=""color:#5B4FB0"">E. Asia</span>",1948,0,0,0,0,0,0,0,0,0,0,0,0,0,0,0,0,0,0,0,0,0,0,0,0,0,0,0,0,0,0,0,0,0,0,0,0,0,0,0,0,0,0,0,0,0,0,0,0,0,0,0,0,0,0,0,0,0,0,0,0,0,0,0,0,0,0,0,0,0,0,0,0,0,0,0,0,2,0,0,0,0,2,6,0,9,0,7,10,10,7,11,7,7,6,8,19,6,9,19,16,23,17,14,20,23,25,20,6,20,12,13,14,15,15,12,5,14,15,22,6,8,21,19,7,15,23,25,5,20,17,23,15,17,18,22,11,16,14,19,17,9,15,15,20,10,13,19,18,2,10,20,10,17,13,0
THA,:th: Thailand@@thailand,"<span style=""color:#5B4FB0"">E. Asia</span> &bull; <span style=""color:#8C6BC4"">S. Asia</span>",1925,0,0,0,0,0,0,0,0,0,0,0,0,0,0,0,0,0,0,0,0,0,0,0,0,0,0,0,0,0,0,0,0,0,0,0,0,0,0,0,0,0,0,0,0,0,0,0,0,0,0,0,0,0,0,0,0,0,0,0,0,0,0,0,0,0,0,0,0,0,0,0,0,0,0,0,0,1,0,0,0,0,0,0,0,0,4,1,6,2,9,9,10,8,10,11,14,17,10,19,31,26,16,19,21,12,19,18,18,9,16,16,19,15,12,9,16,10,12,8,5,7,20,5,8,19,14,20,9,25,24,10,11,20,0,7,21,19,9,11,12,14,10,11,11,17,9,11,15,0,13,16,15,20,12,0
CYP,:cy: Cyprus@@cyprus,"<span style=""color:#2A6FB5"">Europe</span> &bull; <span style=""color:#D4A017"">MENA</span>",1948,0,0,0,0,0,0,0,0,0,0,0,0,0,0,0,0,0,0,0,0,0,0,0,0,0,0,0,0,0,0,0,0,0,0,0,0,0,0,0,0,0,0,0,0,0,0,0,0,0,0,0,0,0,0,0,0,0,0,0,0,0,0,0,0,0,0,0,0,0,0,0,0,0,0,0,0,0,1,0,0,0,0,0,0,0,0,0,0,2,0,0,1,0,5,1,4,4,3,2,8,3,4,2,7,4,3,3,5,5,5,5,6,7,3,3,8,5,6,3,7,10,8,7,10,10,9,6,9,9,10,6,9,10,10,7,11,7,11,6,10,7,7,7,6,6,10,8,10,8,12,10,10,10,10,0
ISR,:il: Israel@@israel,"<span style=""color:#D4A017"">MENA</span>",1929,0,0,0,0,0,0,0,0,0,0,0,0,0,0,0,0,0,0,0,0,0,0,0,0,0,0,0,0,0,0,0,0,0,0,0,0,0,0,0,0,0,0,0,0,0,0,0,0,0,0,0,0,0,0,0,0,0,0,0,0,0,0,0,0,0,0,0,0,0,0,0,0,0,0,0,0,0,5,4,0,0,2,3,0,5,0,5,9,8,6,4,2,6,5,6,0,15,8,6,4,5,10,7,1,10,8,4,2,5,5,0,2,8,9,4,8,13,9,4,0,10,12,10,11,9,9,11,13,9,9,6,10,9,9,6,11,8,8,8,8,9,9,6,7,6,7,7,10,7,12,9,10,9,10,0
AFG,:af: Afghanistan@@afghanistan,"<span style=""color:#D4A017"">MENA</span> &bull; <span style=""color:#8C6BC4"">S. Asia</span>",1948,0,0,0,0,0,0,0,0,0,0,0,0,0,0,0,0,0,0,0,0,0,0,0,0,0,0,0,0,0,0,0,0,0,0,0,0,0,0,0,0,0,0,0,0,0,0,0,0,0,0,0,0,0,0,0,0,0,0,0,0,0,0,0,0,0,0,0,0,0,0,0,0,0,0,0,0,0,1,0,2,0,0,1,0,0,0,0,1,0,0,0,0,0,0,0,0,0,0,0,0,0,0,0,6,3,1,0,4,0,0,0,0,6,0,0,0,0,0,0,0,0,0,0,0,0,0,0,0,0,0,0,7,0,4,2,2,10,2,1,12,0,10,9,14,6,8,4,8,0,6,4,8,6,8,0
IRN,:ir: Iran@@iran,"<span style=""color:#D4A017"">MENA</span>",1948,0,0,0,0,0,0,0,0,0,0,0,0,0,0,0,0,0,0,0,0,0,0,0,0,0,0,0,0,0,0,0,0,0,0,0,0,0,0,0,0,0,0,0,0,0,0,0,0,0,0,0,0,0,0,0,0,0,0,0,0,0,0,0,0,0,0,0,0,0,0,0,0,0,0,0,0,0,1,2,3,2,0,0,0,0,0,2,6,0,0,2,3,4,2,8,2,4,4,3,3,15,9,10,5,8,17,9,0,14,1,9,0,13,3,9,2,10,12,7,2,8,12,4,0,19,22,18,6,26,20,10,10,18,11,15,13,21,22,12,15,16,9,10,15,10,11,15,12,2,11,12,11,18,12,0
HON,:hn: Honduras@@honduras,"<span style=""color:#8B2424"">LatAm</span> &bull; <span style=""color:#E04E2A"">NA/Carib</span>",1946,0,0,0,0,0,0,0,0,0,0,0,0,0,0,0,0,0,0,0,0,0,0,0,0,0,0,0,0,0,0,0,0,0,0,0,0,0,0,0,0,0,0,0,0,0,0,0,0,0,0,0,0,0,0,0,0,0,0,0,0,0,0,0,0,0,0,0,0,0,0,0,0,0,0,0,0,0,0,4,1,0,6,0,6,0,4,0,2,7,7,0,9,0,7,0,7,6,3,1,7,2,5,0,2,0,1,0,0,18,5,8,5,6,9,6,5,10,0,0,10,17,17,5,7,22,6,6,11,20,22,4,16,17,14,6,16,13,24,15,19,11,22,15,16,12,22,5,10,2,17,14,13,11,15,0
PAK,:pk: Pakistan@@pakistan,"<span style=""color:#8C6BC4"">S. Asia</span>",1948,0,0,0,0,0,0,0,0,0,0,0,0,0,0,0,0,0,0,0,0,0,0,0,0,0,0,0,0,0,0,0,0,0,0,0,0,0,0,0,0,0,0,0,0,0,0,0,0,0,0,0,0,0,0,0,0,0,0,0,0,0,0,0,0,0,0,0,0,0,0,0,0,0,0,0,0,0,0,1,0,3,4,6,4,1,0,4,6,6,0,4,6,1,4,0,9,0,4,1,0,0,1,5,0,3,0,2,0,0,3,4,0,4,5,9,5,4,7,3,3,4,14,0,2,2,8,0,4,4,6,4,9,0,10,10,2,9,8,0,8,1,13,2,3,0,0,5,2,0,0,1,11,4,5,0
FRG,💀 West Germany@@west germany,"<span style=""color:#2A6FB5"">Europe</span>",1904,0,0,0,0,0,0,0,0,0,0,0,0,0,0,0,0,0,0,0,0,0,0,0,0,0,0,0,0,0,0,0,0,0,0,0,0,0,0,0,0,0,0,0,0,0,0,0,0,0,0,0,0,0,0,0,0,0,0,0,0,0,0,0,0,0,0,0,0,0,0,0,0,0,0,0,0,0,0,1,7,7,4,12,6,9,5,14,6,7,6,8,4,4,8,15,8,11,7,14,9,7,10,15,7,7,11,13,9,11,11,15,10,11,11,15,9,11,6,12,0,0,0,0,0,0,0,0,0,0,0,0,0,0,0,0,0,0,0,0,0,0,0,0,0,0,0,0,0,0,0,0,0,0,0,1
NCA,:ni: Nicaragua@@nicaragua,"<span style=""color:#8B2424"">LatAm</span> &bull; <span style=""color:#E04E2A"">NA/Carib</span>",1950,0,0,0,0,0,0,0,0,0,0,0,0,0,0,0,0,0,0,0,0,0,0,0,0,0,0,0,0,0,0,0,0,0,0,0,0,0,0,0,0,0,0,0,0,0,0,0,0,0,0,0,0,0,0,0,0,0,0,0,0,0,0,0,0,0,0,0,0,0,0,0,0,0,0,0,0,0,0,0,4,0,6,0,0,0,0,0,0,0,3,0,4,0,2,1,7,0,0,2,2,0,1,4,4,0,0,0,0,0,0,1,0,1,0,0,0,0,0,0,2,3,2,0,2,3,2,0,2,5,5,1,5,9,3,0,5,2,6,1,10,4,3,5,10,7,16,5,15,3,7,12,11,7,9,0
IND,:in: India@@india,"<span style=""color:#8C6BC4"">S. Asia</span>",1948,0,0,0,0,0,0,0,0,0,0,0,0,0,0,0,0,0,0,0,0,0,0,0,0,0,0,0,0,0,0,0,0,0,0,0,0,0,0,0,0,0,0,0,0,0,0,0,0,0,0,0,0,0,0,0,0,0,0,0,0,0,0,0,0,0,0,0,0,0,0,0,0,0,0,0,0,0,0,0,3,2,4,5,8,8,5,6,14,4,4,7,2,10,6,8,10,8,4,13,9,3,6,7,1,11,7,5,1,5,7,12,8,17,9,8,3,5,4,0,3,2,18,4,8,5,6,7,12,4,8,2,9,10,10,7,7,13,6,12,20,9,12,2,12,7,9,8,13,0,12,8,16,11,12,0
SAA,💀 Saar@@saar,"<span style=""color:#2A6FB5"">Europe</span>",1950,0,0,0,0,0,0,0,0,0,0,0,0,0,0,0,0,0,0,0,0,0,0,0,0,0,0,0,0,0,0,0,0,0,0,0,0,0,0,0,0,0,0,0,0,0,0,0,0,0,0,0,0,0,0,0,0,0,0,0,0,0,0,0,0,0,0,0,0,0,0,0,0,0,0,0,0,0,0,0,1,1,3,3,1,3,0,0,0,0,0,0,0,0,0,0,0,0,0,0,0,0,0,0,0,0,0,0,0,0,0,0,0,0,0,0,0,0,0,0,0,0,0,0,0,0,0,0,0,0,0,0,0,0,0,0,0,0,0,0,0,0,0,0,0,0,0,0,0,0,0,0,0,0,0,1
GDR,💀 East Germany@@east germany,"<span style=""color:#2A6FB5"">Europe</span>",1904,0,0,0,0,0,0,0,0,0,0,0,0,0,0,0,0,0,0,0,0,0,0,0,0,0,0,0,0,0,0,0,0,0,0,0,0,0,0,0,0,0,0,0,0,0,0,0,0,0,0,0,0,0,0,0,0,0,0,0,0,0,0,0,0,0,0,0,0,0,0,0,0,0,0,0,0,0,0,0,0,2,1,3,2,3,5,7,5,8,7,7,9,3,6,6,14,3,9,6,10,8,13,19,12,8,10,7,12,6,6,10,11,11,14,12,10,10,11,7,0,0,0,0,0,0,0,0,0,0,0,0,0,0,0,0,0,0,0,0,0,0,0,0,0,0,0,0,0,0,0,0,0,0,0,1
SGP,:sg: Singapore@@singapore,"<span style=""color:#5B4FB0"">E. Asia</span> &bull; <span style=""color:#8C6BC4"">S. Asia</span>",1952,0,0,0,0,0,0,0,0,0,0,0,0,0,0,0,0,0,0,0,0,0,0,0,0,0,0,0,0,0,0,0,0,0,0,0,0,0,0,0,0,0,0,0,0,0,0,0,0,0,0,0,0,0,0,0,0,0,0,0,0,0,0,0,0,0,0,0,0,0,0,0,0,0,0,0,0,0,0,0,0,0,3,6,1,6,8,14,9,8,4,10,1,3,6,13,18,9,9,12,16,24,15,8,8,10,12,11,14,10,15,15,17,10,14,6,6,3,12,5,5,5,16,0,8,10,13,8,9,13,10,14,11,17,6,15,16,17,10,11,11,18,11,12,12,13,11,10,11,0,11,12,11,12,9,0
MYA,:mm: Myanmar@@myanmar,"<span style=""color:#5B4FB0"">E. Asia</span> &bull; <span style=""color:#8C6BC4"">S. Asia</span>",1952,0,0,0,0,0,0,0,0,0,0,0,0,0,0,0,0,0,0,0,0,0,0,0,0,0,0,0,0,0,0,0,0,0,0,0,0,0,0,0,0,0,0,0,0,0,0,0,0,0,0,0,0,0,0,0,0,0,0,0,0,0,0,0,0,0,0,0,0,0,0,0,0,0,0,0,0,0,0,0,0,0,4,7,5,1,8,3,6,0,5,3,6,6,8,12,13,16,7,13,21,17,19,11,16,11,8,2,9,6,2,3,3,0,1,1,4,0,2,0,4,1,11,4,10,10,6,5,6,10,0,6,8,9,2,3,7,18,3,8,9,8,6,13,11,12,9,10,10,0,9,11,11,12,5,0
SRI,:lk: Sri Lanka@@sri lanka,"<span style=""color:#8C6BC4"">S. Asia</span>",1952,0,0,0,0,0,0,0,0,0,0,0,0,0,0,0,0,0,0,0,0,0,0,0,0,0,0,0,0,0,0,0,0,0,0,0,0,0,0,0,0,0,0,0,0,0,0,0,0,0,0,0,0,0,0,0,0,0,0,0,0,0,0,0,0,0,0,0,0,0,0,0,0,0,0,0,0,0,0,0,0,0,4,3,3,0,0,0,0,0,0,0,2,3,3,0,0,2,0,0,3,17,0,0,0,0,0,0,9,5,0,0,1,4,0,3,0,0,2,0,2,0,14,0,8,9,4,1,8,8,8,9,12,7,3,6,4,10,13,3,10,1,6,4,6,6,0,3,10,2,10,4,2,10,9,0
RVN,💀 South Vietnam@@south vietnam,"<span style=""color:#5B4FB0"">E. Asia</span> &bull; <span style=""color:#8C6BC4"">S. Asia</span>",1952,0,0,0,0,0,0,0,0,0,0,0,0,0,0,0,0,0,0,0,0,0,0,0,0,0,0,0,0,0,0,0,0,0,0,0,0,0,0,0,0,0,0,0,0,0,0,0,0,0,0,0,0,0,0,0,0,0,0,0,0,0,0,0,0,0,0,0,0,0,0,0,0,0,0,0,0,0,0,0,0,0,0,1,0,8,5,7,11,9,12,13,10,9,11,11,24,7,6,15,20,4,14,7,4,0,0,0,0,0,0,0,0,0,0,0,0,0,0,0,0,0,0,0,0,0,0,0,0,0,0,0,0,0,0,0,0,0,0,0,0,0,0,0,0,0,0,0,0,0,0,0,0,0,0,1
MLY,💀 Malaya@@malaya,"<span style=""color:#5B4FB0"">E. Asia</span> &bull; <span style=""color:#8C6BC4"">S. Asia</span>",1954,0,0,0,0,0,0,0,0,0,0,0,0,0,0,0,0,0,0,0,0,0,0,0,0,0,0,0,0,0,0,0,0,0,0,0,0,0,0,0,0,0,0,0,0,0,0,0,0,0,0,0,0,0,0,0,0,0,0,0,0,0,0,0,0,0,0,0,0,0,0,0,0,0,0,0,0,0,0,0,0,0,0,1,1,5,7,13,13,5,11,16,5,0,0,0,0,0,0,0,0,0,0,0,0,0,0,0,0,0,0,0,0,0,0,0,0,0,0,0,0,0,0,0,0,0,0,0,0,0,0,0,0,0,0,0,0,0,0,0,0,0,0,0,0,0,0,0,0,0,0,0,0,0,0,1
HKG,:hk: Hong Kong@@hong kong,"<span style=""color:#5B4FB0"">E. Asia</span>",1954,0,0,0,0,0,0,0,0,0,0,0,0,0,0,0,0,0,0,0,0,0,0,0,0,0,0,0,0,0,0,0,0,0,0,0,0,0,0,0,0,0,0,0,0,0,0,0,0,0,0,0,0,0,0,0,0,0,0,0,0,0,0,0,0,0,0,0,0,0,0,0,0,0,0,0,0,0,0,0,0,0,0,2,0,5,5,14,9,6,4,2,4,5,11,5,12,9,0,14,10,9,4,6,11,3,15,2,7,9,0,3,8,5,9,1,5,6,7,3,0,4,10,3,0,3,4,3,5,6,8,0,16,8,5,10,8,1,8,7,7,10,8,8,11,9,10,6,9,0,3,10,10,19,13,0
ETH,:et: Ethiopia@@ethiopia,"<span style=""color:#6BB04A"">E. Africa</span>",1952,0,0,0,0,0,0,0,0,0,0,0,0,0,0,0,0,0,0,0,0,0,0,0,0,0,0,0,0,0,0,0,0,0,0,0,0,0,0,0,0,0,0,0,0,0,0,0,0,0,0,0,0,0,0,0,0,0,0,0,0,0,0,0,0,0,0,0,0,0,0,0,0,0,0,0,0,0,0,0,0,0,0,0,0,4,1,0,4,0,3,8,7,4,7,2,10,8,10,6,1,9,5,1,3,11,6,0,4,3,8,7,20,5,0,1,4,4,6,2,0,14,8,3,10,4,5,0,2,11,4,12,7,5,7,10,5,4,3,9,13,12,14,8,15,4,6,5,5,5,12,10,8,11,6,0
CAM,:kh: Cambodia@@cambodia,"<span style=""color:#5B4FB0"">E. Asia</span> &bull; <span style=""color:#8C6BC4"">S. Asia</span>",1954,0,0,0,0,0,0,0,0,0,0,0,0,0,0,0,0,0,0,0,0,0,0,0,0,0,0,0,0,0,0,0,0,0,0,0,0,0,0,0,0,0,0,0,0,0,0,0,0,0,0,0,0,0,0,0,0,0,0,0,0,0,0,0,0,0,0,0,0,0,0,0,0,0,0,0,0,0,0,0,0,0,0,0,0,4,5,0,0,0,2,0,1,3,7,3,5,0,1,6,16,25,12,10,0,0,0,0,0,0,0,0,0,0,0,0,0,0,0,0,0,0,0,0,4,4,11,4,8,6,7,5,0,4,1,8,7,11,3,3,7,6,3,9,14,16,10,9,9,0,9,8,7,12,4,0
SDN,:sd: Sudan@@sudan,"<span style=""color:#6BB04A"">E. Africa</span> &bull; <span style=""color:#D4A017"">MENA</span>",1948,0,0,0,0,0,0,0,0,0,0,0,0,0,0,0,0,0,0,0,0,0,0,0,0,0,0,0,0,0,0,0,0,0,0,0,0,0,0,0,0,0,0,0,0,0,0,0,0,0,0,0,0,0,0,0,0,0,0,0,0,0,0,0,0,0,0,0,0,0,0,0,0,0,0,0,0,0,0,0,0,0,0,0,0,2,5,0,4,2,0,0,6,3,10,4,12,3,10,9,4,13,2,4,10,6,2,2,7,5,5,1,17,2,2,0,6,2,2,4,9,7,5,5,6,11,0,7,2,9,13,15,13,14,13,13,13,15,11,5,21,16,12,7,10,5,1,4,7,8,16,13,10,15,14,0
TPE,:tw: Taiwan@@taiwan,"<span style=""color:#5B4FB0"">E. Asia</span>",1954,0,0,0,0,0,0,0,0,0,0,0,0,0,0,0,0,0,0,0,0,0,0,0,0,0,0,0,0,0,0,0,0,0,0,0,0,0,0,0,0,0,0,0,0,0,0,0,0,0,0,0,0,0,0,0,0,0,0,0,0,0,0,0,0,0,0,0,0,0,0,0,0,0,0,0,0,0,0,0,0,0,0,0,0,2,0,6,5,4,0,5,8,5,4,7,15,7,0,5,13,0,0,4,5,2,4,0,1,0,9,0,7,0,6,2,1,10,0,0,0,3,6,0,0,3,6,0,0,8,6,3,7,6,4,11,6,5,6,4,11,8,5,6,8,11,9,8,10,0,5,1,8,8,7,0
AUS,:au: Australia@@australia,"<span style=""color:#C44A8A"">Oceania</span>",1956,0,0,0,0,0,0,0,0,0,0,0,0,0,0,0,0,0,0,0,0,0,0,0,0,0,0,0,0,0,0,0,0,0,0,0,0,0,0,0,0,0,0,0,0,0,0,0,0,0,0,0,0,0,0,0,0,0,0,0,0,0,0,0,0,0,0,0,0,0,0,0,0,0,0,0,0,0,0,0,0,0,0,0,0,7,0,2,0,0,0,0,0,0,6,0,8,3,12,4,3,6,14,7,1,9,16,3,2,14,8,3,7,1,9,5,6,16,4,3,6,15,10,6,9,12,19,9,0,15,15,4,3,12,12,13,10,13,12,13,17,13,12,11,14,10,13,11,10,0,10,13,8,16,10,0
JOR,:jo: Jordan@@jordan,"<span style=""color:#D4A017"">MENA</span>",1956,0,0,0,0,0,0,0,0,0,0,0,0,0,0,0,0,0,0,0,0,0,0,0,0,0,0,0,0,0,0,0,0,0,0,0,0,0,0,0,0,0,0,0,0,0,0,0,0,0,0,0,0,0,0,0,0,0,0,0,0,0,0,0,0,0,0,0,0,0,0,0,0,0,0,0,0,0,0,0,0,0,0,0,0,0,3,0,0,0,0,0,5,4,1,3,0,0,1,1,6,0,0,4,0,5,1,0,0,9,8,2,9,5,10,0,8,21,6,0,0,5,17,0,0,2,16,5,12,22,13,19,9,27,5,17,9,20,11,9,25,16,18,14,17,12,12,13,19,2,19,10,10,21,17,0
KSA,:sa: Saudi Arabia@@saudi arabia,"<span style=""color:#D4A017"">MENA</span>",1956,0,0,0,0,0,0,0,0,0,0,0,0,0,0,0,0,0,0,0,0,0,0,0,0,0,0,0,0,0,0,0,0,0,0,0,0,0,0,0,0,0,0,0,0,0,0,0,0,0,0,0,0,0,0,0,0,0,0,0,0,0,0,0,0,0,0,0,0,0,0,0,0,0,0,0,0,0,0,0,0,0,0,0,0,0,3,0,0,0,3,0,1,0,0,0,5,0,1,3,0,2,0,5,12,18,2,6,6,6,16,14,11,26,14,18,8,31,9,3,0,15,20,28,8,24,23,22,15,16,24,22,12,18,20,24,21,17,21,16,14,13,11,13,10,8,11,17,20,2,11,17,11,22,19,0
NZL,:nz: New Zealand@@new zealand,"<span style=""color:#C44A8A"">Oceania</span>",1948,0,0,0,0,0,0,0,0,0,0,0,0,0,0,0,0,0,0,0,0,0,0,0,0,0,0,0,0,0,0,0,0,0,0,0,0,0,0,0,0,0,0,0,0,0,0,0,0,0,0,0,0,0,0,0,0,0,0,0,0,0,0,0,0,0,0,0,0,0,0,0,0,0,0,0,0,0,0,0,0,0,0,0,0,0,0,2,0,0,0,0,0,0,0,0,4,1,4,0,0,2,8,0,5,5,4,1,5,11,19,6,10,9,9,4,4,15,4,2,4,4,6,0,8,6,10,6,12,11,7,7,6,5,1,8,8,3,10,10,3,13,7,5,3,9,12,4,2,0,3,11,8,12,10,0
UAR,💀 United Arab Republic@@united arab republic,"<span style=""color:#D4A017"">MENA</span>",1958,0,0,0,0,0,0,0,0,0,0,0,0,0,0,0,0,0,0,0,0,0,0,0,0,0,0,0,0,0,0,0,0,0,0,0,0,0,0,0,0,0,0,0,0,0,0,0,0,0,0,0,0,0,0,0,0,0,0,0,0,0,0,0,0,0,0,0,0,0,0,0,0,0,0,0,0,0,0,0,0,0,0,0,0,0,0,1,4,10,4,0,0,0,0,0,0,0,0,0,0,0,0,0,0,0,0,0,0,0,0,0,0,0,0,0,0,0,0,0,0,0,0,0,0,0,0,0,0,0,0,0,0,0,0,0,0,0,0,0,0,0,0,0,0,0,0,0,0,0,0,0,0,0,0,1
PRK,:kp: North Korea@@north korea,"<span style=""color:#5B4FB0"">E. Asia</span>",1958,0,0,0,0,0,0,0,0,0,0,0,0,0,0,0,0,0,0,0,0,0,0,0,0,0,0,0,0,0,0,0,0,0,0,0,0,0,0,0,0,0,0,0,0,0,0,0,0,0,0,0,0,0,0,0,0,0,0,0,0,0,0,0,0,0,0,0,0,0,0,0,0,0,0,0,0,0,0,0,0,0,0,0,0,0,0,0,1,1,0,0,3,4,8,7,0,0,1,2,4,3,7,7,5,9,0,7,6,15,1,6,0,0,6,7,0,5,12,11,1,10,14,0,0,0,0,5,1,9,6,6,11,6,17,1,11,21,13,23,16,12,6,7,14,9,10,7,13,0,0,0,2,11,6,0
GHA,:gh: Ghana@@ghana,"<span style=""color:#1F8A6B"">W. Africa</span>",1948,0,0,0,0,0,0,0,0,0,0,0,0,0,0,0,0,0,0,0,0,0,0,0,0,0,0,0,0,0,0,0,0,0,0,0,0,0,0,0,0,0,0,0,0,0,0,0,0,0,0,0,0,0,0,0,0,0,0,0,0,0,0,0,0,0,0,0,0,0,0,0,0,0,0,0,0,0,0,0,0,0,0,0,0,0,0,0,2,5,6,5,5,7,10,7,16,13,4,7,9,19,12,8,13,9,7,15,4,7,6,18,14,16,10,7,17,11,5,5,13,11,14,17,11,22,13,10,7,13,13,12,10,8,8,17,8,17,12,18,10,15,16,12,15,8,14,4,10,4,10,16,9,14,10,0
IRQ,:iq: Iraq@@iraq,"<span style=""color:#D4A017"">MENA</span>",1950,0,0,0,0,0,0,0,0,0,0,0,0,0,0,0,0,0,0,0,0,0,0,0,0,0,0,0,0,0,0,0,0,0,0,0,0,0,0,0,0,0,0,0,0,0,0,0,0,0,0,0,0,0,0,0,0,0,0,0,0,0,0,0,0,0,0,0,0,0,0,0,0,0,0,0,0,0,0,0,0,0,0,0,0,0,0,0,2,0,0,2,1,5,3,9,3,5,4,2,13,8,10,12,16,15,9,20,10,9,13,17,5,17,21,16,10,19,12,6,0,3,15,0,3,7,10,1,14,11,18,10,13,21,10,14,20,12,14,15,21,21,20,11,16,13,15,12,22,2,17,10,13,18,13,0
TUN,:tn: Tunisia@@tunisia,"<span style=""color:#D4A017"">MENA</span>",1960,0,0,0,0,0,0,0,0,0,0,0,0,0,0,0,0,0,0,0,0,0,0,0,0,0,0,0,0,0,0,0,0,0,0,0,0,0,0,0,0,0,0,0,0,0,0,0,0,0,0,0,0,0,0,0,0,0,0,0,0,0,0,0,0,0,0,0,0,0,0,0,0,0,0,0,0,0,0,0,0,0,0,0,0,0,0,0,0,6,2,2,13,5,9,3,7,5,4,3,3,8,12,13,15,6,17,13,6,8,10,6,10,6,15,4,19,22,19,6,8,8,10,12,15,14,14,17,10,18,12,14,9,16,12,16,9,16,10,11,8,16,12,9,12,7,13,13,17,4,16,17,10,15,15,0
NGA,:ng: Nigeria@@nigeria,"<span style=""color:#1F8A6B"">W. Africa</span>",1960,0,0,0,0,0,0,0,0,0,0,0,0,0,0,0,0,0,0,0,0,0,0,0,0,0,0,0,0,0,0,0,0,0,0,0,0,0,0,0,0,0,0,0,0,0,0,0,0,0,0,0,0,0,0,0,0,0,0,0,0,0,0,0,0,0,0,0,0,0,0,0,0,0,0,0,0,0,0,0,0,0,0,0,0,0,0,0,0,5,5,1,5,4,5,5,13,7,7,2,6,15,10,3,12,12,13,12,5,13,14,3,20,10,10,0,12,8,10,10,11,12,10,17,8,4,9,10,6,14,13,20,10,16,7,8,10,13,9,16,11,12,20,14,9,7,7,14,15,4,10,13,8,17,15,0
KEN,:ke: Kenya@@kenya,"<span style=""color:#6BB04A"">E. Africa</span>",1960,0,0,0,0,0,0,0,0,0,0,0,0,0,0,0,0,0,0,0,0,0,0,0,0,0,0,0,0,0,0,0,0,0,0,0,0,0,0,0,0,0,0,0,0,0,0,0,0,0,0,0,0,0,0,0,0,0,0,0,0,0,0,0,0,0,0,0,0,0,0,0,0,0,0,0,0,0,0,0,0,0,0,0,0,0,0,0,0,1,6,5,7,5,14,10,10,6,6,5,11,16,8,2,14,9,10,14,13,7,11,3,16,12,10,4,13,11,16,8,15,10,7,6,3,17,16,6,11,17,14,16,20,15,9,5,12,8,20,10,17,11,13,7,11,10,10,12,14,3,10,0,8,13,10,0
UGA,:ug: Uganda@@uganda,"<span style=""color:#6BB04A"">E. Africa</span>",1960,0,0,0,0,0,0,0,0,0,0,0,0,0,0,0,0,0,0,0,0,0,0,0,0,0,0,0,0,0,0,0,0,0,0,0,0,0,0,0,0,0,0,0,0,0,0,0,0,0,0,0,0,0,0,0,0,0,0,0,0,0,0,0,0,0,0,0,0,0,0,0,0,0,0,0,0,0,0,0,0,0,0,0,0,0,0,0,0,1,5,6,4,4,15,7,7,11,8,5,7,9,12,6,9,12,12,11,4,0,8,10,12,10,5,8,9,5,9,8,11,5,8,6,9,15,1,5,13,17,11,15,17,14,13,12,12,7,12,12,16,15,15,15,12,10,18,9,17,2,11,10,10,11,13,0
MAR,:ma: Morocco@@morocco,"<span style=""color:#D4A017"">MENA</span>",1960,0,0,0,0,0,0,0,0,0,0,0,0,0,0,0,0,0,0,0,0,0,0,0,0,0,0,0,0,0,0,0,0,0,0,0,0,0,0,0,0,0,0,0,0,0,0,0,0,0,0,0,0,0,0,0,0,0,0,0,0,0,0,0,0,0,0,0,0,0,0,0,0,0,0,0,0,0,0,0,0,0,0,0,0,0,0,0,0,3,11,4,8,6,6,6,4,3,14,5,6,16,9,16,11,17,9,5,9,21,12,5,13,9,15,11,4,13,11,7,8,8,14,13,6,11,12,16,9,13,17,15,10,14,8,12,8,14,9,4,8,11,11,9,7,10,14,13,14,4,10,21,8,15,13,0
MLT,:mt: Malta@@malta,"<span style=""color:#2A6FB5"">Europe</span>",1960,0,0,0,0,0,0,0,0,0,0,0,0,0,0,0,0,0,0,0,0,0,0,0,0,0,0,0,0,0,0,0,0,0,0,0,0,0,0,0,0,0,0,0,0,0,0,0,0,0,0,0,0,0,0,0,0,0,0,0,0,0,0,0,0,0,0,0,0,0,0,0,0,0,0,0,0,0,0,0,0,0,0,0,0,0,0,0,0,1,1,3,0,0,0,2,0,0,1,3,6,5,2,3,4,5,6,2,5,2,7,4,8,4,6,2,7,10,13,8,10,6,9,12,8,12,9,10,10,13,10,10,7,9,8,7,12,11,11,7,8,7,10,6,9,9,8,10,10,8,12,10,10,9,10,0
LAO,:la: Laos@@laos,"<span style=""color:#5B4FB0"">E. Asia</span> &bull; <span style=""color:#8C6BC4"">S. Asia</span>",1952,0,0,0,0,0,0,0,0,0,0,0,0,0,0,0,0,0,0,0,0,0,0,0,0,0,0,0,0,0,0,0,0,0,0,0,0,0,0,0,0,0,0,0,0,0,0,0,0,0,0,0,0,0,0,0,0,0,0,0,0,0,0,0,0,0,0,0,0,0,0,0,0,0,0,0,0,0,0,0,0,0,0,0,0,0,0,0,0,0,2,0,1,0,0,0,3,3,8,5,3,4,6,6,0,0,0,0,0,0,0,0,0,0,0,0,0,0,0,0,0,0,4,0,4,4,4,7,4,7,6,3,4,10,0,4,5,7,0,7,6,11,8,12,11,14,5,9,4,0,4,6,5,6,6,0
GUI,:gn: Guinea@@guinea,"<span style=""color:#1F8A6B"">W. Africa</span>",1962,0,0,0,0,0,0,0,0,0,0,0,0,0,0,0,0,0,0,0,0,0,0,0,0,0,0,0,0,0,0,0,0,0,0,0,0,0,0,0,0,0,0,0,0,0,0,0,0,0,0,0,0,0,0,0,0,0,0,0,0,0,0,0,0,0,0,0,0,0,0,0,0,0,0,0,0,0,0,0,0,0,0,0,0,0,0,0,0,0,0,2,4,1,13,6,9,13,9,12,13,13,16,13,15,15,10,1,10,15,13,8,10,12,13,8,9,10,16,2,9,5,16,10,10,7,14,6,5,14,3,4,8,12,9,8,8,15,9,6,9,10,6,8,12,7,8,5,12,3,12,11,9,16,8,0
TOG,:tg: Togo@@togo,"<span style=""color:#1F8A6B"">W. Africa</span>",1962,0,0,0,0,0,0,0,0,0,0,0,0,0,0,0,0,0,0,0,0,0,0,0,0,0,0,0,0,0,0,0,0,0,0,0,0,0,0,0,0,0,0,0,0,0,0,0,0,0,0,0,0,0,0,0,0,0,0,0,0,0,0,0,0,0,0,0,0,0,0,0,0,0,0,0,0,0,0,0,0,0,0,0,0,0,0,0,0,0,0,1,0,3,9,7,4,2,2,3,8,13,0,4,10,4,6,0,14,5,4,8,16,11,4,7,7,0,0,6,4,7,6,8,7,9,19,13,12,14,15,6,7,8,9,15,8,7,9,7,7,10,10,6,6,9,12,6,7,3,10,6,7,10,6,0
JAM,:jm: Jamaica@@jamaica,"<span style=""color:#E04E2A"">NA/Carib</span>",1962,0,0,0,0,0,0,0,0,0,0,0,0,0,0,0,0,0,0,0,0,0,0,0,0,0,0,0,0,0,0,0,0,0,0,0,0,0,0,0,0,0,0,0,0,0,0,0,0,0,0,0,0,0,0,0,0,0,0,0,0,0,0,0,0,0,0,0,0,0,0,0,0,0,0,0,0,0,0,0,0,0,0,0,0,0,0,0,0,0,0,7,10,0,10,4,6,4,9,0,7,5,1,3,9,2,2,0,5,0,2,0,2,1,3,1,5,5,5,4,10,19,10,2,19,23,28,22,19,19,18,11,18,18,11,9,9,19,11,11,10,15,12,11,16,10,13,9,14,3,13,13,17,15,16,0
PUR,:pr: Puerto Rico@@puerto rico,"<span style=""color:#8B2424"">LatAm</span> &bull; <span style=""color:#E04E2A"">NA/Carib</span>",1960,0,0,0,0,0,0,0,0,0,0,0,0,0,0,0,0,0,0,0,0,0,0,0,0,0,0,0,0,0,0,0,0,0,0,0,0,0,0,0,0,0,0,0,0,0,0,0,0,0,0,0,0,0,0,0,0,0,0,0,0,0,0,0,0,0,0,0,0,0,0,0,0,0,0,0,0,0,0,0,0,0,0,0,0,0,0,0,0,0,0,4,0,0,0,4,0,0,0,3,0,5,0,5,0,0,0,3,2,0,1,3,2,2,0,1,0,2,0,0,2,4,5,2,3,2,0,2,3,2,4,0,0,3,0,0,0,6,0,4,6,8,0,2,4,10,1,2,6,0,6,2,10,8,6,0
KUW,:kw: Kuwait@@kuwait,"<span style=""color:#D4A017"">MENA</span>",1962,0,0,0,0,0,0,0,0,0,0,0,0,0,0,0,0,0,0,0,0,0,0,0,0,0,0,0,0,0,0,0,0,0,0,0,0,0,0,0,0,0,0,0,0,0,0,0,0,0,0,0,0,0,0,0,0,0,0,0,0,0,0,0,0,0,0,0,0,0,0,0,0,0,0,0,0,0,0,0,0,0,0,0,0,0,0,0,0,0,0,0,6,4,3,3,0,0,2,2,8,9,12,10,6,10,14,6,6,14,9,18,6,21,7,14,11,26,13,13,1,15,14,15,3,26,18,22,1,14,16,13,13,30,16,9,5,15,20,23,22,16,16,13,10,0,3,9,14,0,12,10,16,19,12,0
SLE,:sl: Sierra Leone@@sierra leone,"<span style=""color:#1F8A6B"">W. Africa</span>",1962,0,0,0,0,0,0,0,0,0,0,0,0,0,0,0,0,0,0,0,0,0,0,0,0,0,0,0,0,0,0,0,0,0,0,0,0,0,0,0,0,0,0,0,0,0,0,0,0,0,0,0,0,0,0,0,0,0,0,0,0,0,0,0,0,0,0,0,0,0,0,0,0,0,0,0,0,0,0,0,0,0,0,0,0,0,0,0,0,0,0,0,2,0,0,2,2,5,1,2,6,11,2,2,1,7,4,2,4,6,0,5,4,11,1,6,10,7,5,2,8,5,11,5,14,8,9,1,1,8,7,4,6,0,3,2,8,7,1,4,5,9,4,9,4,5,2,3,4,4,6,10,8,10,6,0
MAS,:my: Malaysia@@malaysia,"<span style=""color:#5B4FB0"">E. Asia</span> &bull; <span style=""color:#8C6BC4"">S. Asia</span>",1954,0,0,0,0,0,0,0,0,0,0,0,0,0,0,0,0,0,0,0,0,0,0,0,0,0,0,0,0,0,0,0,0,0,0,0,0,0,0,0,0,0,0,0,0,0,0,0,0,0,0,0,0,0,0,0,0,0,0,0,0,0,0,0,0,0,0,0,0,0,0,0,0,0,0,0,0,0,0,0,0,0,0,0,0,0,0,0,0,0,0,0,5,6,11,10,18,11,10,18,33,22,26,24,21,23,20,18,17,22,22,13,14,17,16,7,11,7,14,4,7,6,14,4,5,8,15,4,10,24,12,11,7,14,5,6,15,11,10,10,10,17,11,15,8,15,8,17,14,0,11,14,13,18,6,0
SOM,:so: Somalia@@somalia,"<span style=""color:#6BB04A"">E. Africa</span>",1962,0,0,0,0,0,0,0,0,0,0,0,0,0,0,0,0,0,0,0,0,0,0,0,0,0,0,0,0,0,0,0,0,0,0,0,0,0,0,0,0,0,0,0,0,0,0,0,0,0,0,0,0,0,0,0,0,0,0,0,0,0,0,0,0,0,0,0,0,0,0,0,0,0,0,0,0,0,0,0,0,0,0,0,0,0,0,0,0,0,0,0,1,0,0,0,0,0,2,0,0,4,4,4,0,2,4,4,0,4,1,1,4,4,3,3,0,0,0,0,0,0,0,3,2,0,0,0,2,6,3,3,2,3,4,6,4,1,6,3,5,3,3,0,5,0,0,0,7,0,2,2,5,4,9,0
BER,:bm: Bermuda@@bermuda,"<span style=""color:#E04E2A"">NA/Carib</span>",1962,0,0,0,0,0,0,0,0,0,0,0,0,0,0,0,0,0,0,0,0,0,0,0,0,0,0,0,0,0,0,0,0,0,0,0,0,0,0,0,0,0,0,0,0,0,0,0,0,0,0,0,0,0,0,0,0,0,0,0,0,0,0,0,0,0,0,0,0,0,0,0,0,0,0,0,0,0,0,0,0,0,0,0,0,0,0,0,0,0,0,0,0,1,3,0,4,5,7,1,3,2,2,7,2,0,0,4,3,0,0,10,2,0,0,0,4,1,5,7,2,12,0,0,0,0,2,2,7,5,1,0,1,15,2,5,5,10,0,0,6,2,0,0,7,3,4,4,12,1,9,3,6,10,10,0
ZAM,:zm: Zambia@@zambia,"<span style=""color:#6BB04A"">E. Africa</span>",1964,0,0,0,0,0,0,0,0,0,0,0,0,0,0,0,0,0,0,0,0,0,0,0,0,0,0,0,0,0,0,0,0,0,0,0,0,0,0,0,0,0,0,0,0,0,0,0,0,0,0,0,0,0,0,0,0,0,0,0,0,0,0,0,0,0,0,0,0,0,0,0,0,0,0,0,0,0,0,0,0,0,0,0,0,0,0,0,0,0,0,0,0,4,4,4,5,12,6,2,18,5,14,9,11,10,14,14,11,21,18,8,5,12,15,10,11,22,18,9,10,13,15,18,18,20,25,13,16,20,18,12,11,15,16,15,11,17,19,16,9,18,24,9,16,13,11,10,9,7,16,9,13,17,10,0
ALG,:dz: Algeria@@algeria,"<span style=""color:#D4A017"">MENA</span>",1964,0,0,0,0,0,0,0,0,0,0,0,0,0,0,0,0,0,0,0,0,0,0,0,0,0,0,0,0,0,0,0,0,0,0,0,0,0,0,0,0,0,0,0,0,0,0,0,0,0,0,0,0,0,0,0,0,0,0,0,0,0,0,0,0,0,0,0,0,0,0,0,0,0,0,0,0,0,0,0,0,0,0,0,0,0,0,0,0,0,0,0,0,2,8,2,8,7,6,3,5,10,12,5,8,11,8,14,9,11,9,12,12,12,16,14,8,16,17,9,9,10,13,4,14,10,15,8,5,15,15,9,12,14,7,6,8,9,9,16,5,8,12,13,13,6,11,8,16,4,11,13,10,14,13,0
LBY,:ly: Libya@@libya,"<span style=""color:#D4A017"">MENA</span>",1964,0,0,0,0,0,0,0,0,0,0,0,0,0,0,0,0,0,0,0,0,0,0,0,0,0,0,0,0,0,0,0,0,0,0,0,0,0,0,0,0,0,0,0,0,0,0,0,0,0,0,0,0,0,0,0,0,0,0,0,0,0,0,0,0,0,0,0,0,0,0,0,0,0,0,0,0,0,0,0,0,0,0,0,0,0,0,0,0,0,0,0,0,4,6,9,10,0,2,7,7,4,2,9,8,11,8,8,7,4,1,8,12,0,14,0,0,3,1,0,1,5,0,0,0,0,8,6,11,10,11,4,9,13,10,16,11,13,2,4,8,16,14,3,6,7,11,4,7,3,10,9,10,13,8,0
CIV,:ci: Cote d'Ivoire@@cote d'ivoire,"<span style=""color:#1F8A6B"">W. Africa</span>",1964,0,0,0,0,0,0,0,0,0,0,0,0,0,0,0,0,0,0,0,0,0,0,0,0,0,0,0,0,0,0,0,0,0,0,0,0,0,0,0,0,0,0,0,0,0,0,0,0,0,0,0,0,0,0,0,0,0,0,0,0,0,0,0,0,0,0,0,0,0,0,0,0,0,0,0,0,0,0,0,0,0,0,0,0,0,0,0,0,0,0,0,0,2,14,2,10,12,5,12,3,7,9,7,9,7,11,1,10,9,0,5,12,23,21,11,24,5,11,8,15,12,9,16,14,8,9,10,9,12,14,6,7,8,9,17,9,18,10,15,7,16,12,12,14,8,13,6,15,4,10,12,9,18,13,0
BEN,:bj: Benin@@benin,"<span style=""color:#1F8A6B"">W. Africa</span>",1964,0,0,0,0,0,0,0,0,0,0,0,0,0,0,0,0,0,0,0,0,0,0,0,0,0,0,0,0,0,0,0,0,0,0,0,0,0,0,0,0,0,0,0,0,0,0,0,0,0,0,0,0,0,0,0,0,0,0,0,0,0,0,0,0,0,0,0,0,0,0,0,0,0,0,0,0,0,0,0,0,0,0,0,0,0,0,0,0,0,0,0,0,2,4,4,5,2,2,3,1,10,2,1,0,0,1,4,10,1,2,6,8,12,0,0,4,5,0,3,8,5,8,0,2,9,6,5,0,5,5,3,14,15,6,4,9,12,8,8,5,6,5,6,5,4,6,4,13,3,9,7,7,10,11,0
NIG,:ne: Niger@@niger,"<span style=""color:#1F8A6B"">W. Africa</span>",1964,0,0,0,0,0,0,0,0,0,0,0,0,0,0,0,0,0,0,0,0,0,0,0,0,0,0,0,0,0,0,0,0,0,0,0,0,0,0,0,0,0,0,0,0,0,0,0,0,0,0,0,0,0,0,0,0,0,0,0,0,0,0,0,0,0,0,0,0,0,0,0,0,0,0,0,0,0,0,0,0,0,0,0,0,0,0,0,0,0,0,0,0,2,2,1,5,2,5,3,3,4,0,0,4,2,0,0,2,6,4,6,6,2,0,6,3,5,1,3,5,8,9,9,4,1,0,7,0,2,0,5,7,0,0,3,5,7,0,6,9,12,12,9,9,4,3,6,7,4,13,8,8,9,9,0
BFA,:bf: Burkina Faso@@burkina faso,"<span style=""color:#1F8A6B"">W. Africa</span>",1964,0,0,0,0,0,0,0,0,0,0,0,0,0,0,0,0,0,0,0,0,0,0,0,0,0,0,0,0,0,0,0,0,0,0,0,0,0,0,0,0,0,0,0,0,0,0,0,0,0,0,0,0,0,0,0,0,0,0,0,0,0,0,0,0,0,0,0,0,0,0,0,0,0,0,0,0,0,0,0,0,0,0,0,0,0,0,0,0,0,0,0,0,2,2,0,8,3,0,1,3,5,7,1,6,5,3,7,2,0,4,6,0,9,0,6,10,10,1,6,12,3,2,6,6,14,11,22,15,17,17,9,11,15,8,6,7,8,8,6,8,11,18,8,10,6,13,7,7,4,11,15,9,16,13,0
LBR,:lr: Liberia@@liberia,"<span style=""color:#1F8A6B"">W. Africa</span>",1964,0,0,0,0,0,0,0,0,0,0,0,0,0,0,0,0,0,0,0,0,0,0,0,0,0,0,0,0,0,0,0,0,0,0,0,0,0,0,0,0,0,0,0,0,0,0,0,0,0,0,0,0,0,0,0,0,0,0,0,0,0,0,0,0,0,0,0,0,0,0,0,0,0,0,0,0,0,0,0,0,0,0,0,0,0,0,0,0,0,0,0,0,1,6,2,6,0,0,0,4,6,0,3,6,1,0,0,7,8,6,3,4,13,0,12,10,7,10,2,0,3,2,5,10,7,10,4,5,8,14,5,6,5,5,2,4,10,0,2,7,11,4,2,6,5,2,6,8,0,9,6,6,10,7,0
COD,:cd: Dem. Rep. Congo@@dem. rep. congo,"<span style=""color:#6BB04A"">E. Africa</span> &bull; <span style=""color:#1F8A6B"">W. Africa</span>",1964,0,0,0,0,0,0,0,0,0,0,0,0,0,0,0,0,0,0,0,0,0,0,0,0,0,0,0,0,0,0,0,0,0,0,0,0,0,0,0,0,0,0,0,0,0,0,0,0,0,0,0,0,0,0,0,0,0,0,0,0,0,0,0,0,0,0,0,0,0,0,0,0,0,0,0,0,0,0,0,0,0,0,0,0,0,0,0,0,0,0,0,0,0,19,8,17,7,4,6,4,8,12,10,9,6,3,0,10,8,13,0,0,3,10,2,9,5,13,8,5,8,6,11,5,10,11,7,7,12,12,8,10,11,14,10,7,10,4,5,14,10,7,6,17,11,12,6,11,4,10,7,9,16,14,0
SEN,:sn: Senegal@@senegal,"<span style=""color:#1F8A6B"">W. Africa</span>",1964,0,0,0,0,0,0,0,0,0,0,0,0,0,0,0,0,0,0,0,0,0,0,0,0,0,0,0,0,0,0,0,0,0,0,0,0,0,0,0,0,0,0,0,0,0,0,0,0,0,0,0,0,0,0,0,0,0,0,0,0,0,0,0,0,0,0,0,0,0,0,0,0,0,0,0,0,0,0,0,0,0,0,0,0,0,0,0,0,0,0,0,0,0,10,2,10,10,7,7,8,15,4,2,12,7,9,0,12,14,6,17,18,14,11,9,17,7,13,10,11,10,18,14,10,7,16,6,15,18,15,17,9,14,10,12,10,13,6,6,7,11,8,9,12,7,15,12,13,3,10,17,9,15,13,0
CGO,":cg: Rep, Congo@@rep, congo","<span style=""color:#6BB04A"">E. Africa</span> &bull; <span style=""color:#1F8A6B"">W. Africa</span>",1964,0,0,0,0,0,0,0,0,0,0,0,0,0,0,0,0,0,0,0,0,0,0,0,0,0,0,0,0,0,0,0,0,0,0,0,0,0,0,0,0,0,0,0,0,0,0,0,0,0,0,0,0,0,0,0,0,0,0,0,0,0,0,0,0,0,0,0,0,0,0,0,0,0,0,0,0,0,0,0,0,0,0,0,0,0,0,0,0,0,0,0,0,0,16,3,12,4,7,3,3,16,7,8,9,7,11,7,3,8,9,1,7,11,9,6,8,5,4,8,4,11,5,6,6,7,6,3,14,12,11,4,10,5,10,5,10,6,3,3,6,6,5,10,11,7,8,5,4,3,9,6,5,8,3,0
TRI,:tt: Trinidad and Tobago@@trinidad and tobago,"<span style=""color:#E04E2A"">NA/Carib</span>",1964,0,0,0,0,0,0,0,0,0,0,0,0,0,0,0,0,0,0,0,0,0,0,0,0,0,0,0,0,0,0,0,0,0,0,0,0,0,0,0,0,0,0,0,0,0,0,0,0,0,0,0,0,0,0,0,0,0,0,0,0,0,0,0,0,0,0,0,0,0,0,0,0,0,0,0,0,0,0,0,0,0,0,0,0,0,0,0,0,0,0,0,0,0,7,3,14,8,5,4,9,4,7,9,7,6,5,10,9,7,12,7,7,6,11,0,9,9,22,5,7,8,4,6,14,21,10,13,9,25,23,7,13,22,28,12,12,30,12,14,6,12,14,8,13,14,16,4,13,0,9,10,15,11,17,0
CMR,:cm: Cameroon@@cameroon,"<span style=""color:#6BB04A"">E. Africa</span> &bull; <span style=""color:#1F8A6B"">W. Africa</span>",1964,0,0,0,0,0,0,0,0,0,0,0,0,0,0,0,0,0,0,0,0,0,0,0,0,0,0,0,0,0,0,0,0,0,0,0,0,0,0,0,0,0,0,0,0,0,0,0,0,0,0,0,0,0,0,0,0,0,0,0,0,0,0,0,0,0,0,0,0,0,0,0,0,0,0,0,0,0,0,0,0,0,0,0,0,0,0,0,0,0,0,0,0,0,4,4,7,3,6,5,5,16,5,1,10,6,4,4,4,6,10,11,10,16,11,10,21,9,12,17,8,16,16,15,11,6,19,14,4,13,12,15,10,11,7,8,6,13,10,16,9,8,7,14,14,8,19,7,10,3,10,17,8,13,12,0
MLI,:ml: Mali@@mali,"<span style=""color:#1F8A6B"">W. Africa</span>",1964,0,0,0,0,0,0,0,0,0,0,0,0,0,0,0,0,0,0,0,0,0,0,0,0,0,0,0,0,0,0,0,0,0,0,0,0,0,0,0,0,0,0,0,0,0,0,0,0,0,0,0,0,0,0,0,0,0,0,0,0,0,0,0,0,0,0,0,0,0,0,0,0,0,0,0,0,0,0,0,0,0,0,0,0,0,0,0,0,0,0,0,0,0,13,4,6,2,2,4,5,15,4,3,12,5,4,6,8,7,6,6,16,11,10,2,12,15,10,6,15,7,15,19,19,10,20,11,9,8,15,14,9,15,7,5,9,12,11,9,7,11,11,10,12,7,9,5,12,3,10,11,9,16,11,0
MAD,:mg: Madagascar@@madagascar,"<span style=""color:#6BB04A"">E. Africa</span>",1964,0,0,0,0,0,0,0,0,0,0,0,0,0,0,0,0,0,0,0,0,0,0,0,0,0,0,0,0,0,0,0,0,0,0,0,0,0,0,0,0,0,0,0,0,0,0,0,0,0,0,0,0,0,0,0,0,0,0,0,0,0,0,0,0,0,0,0,0,0,0,0,0,0,0,0,0,0,0,0,0,0,0,0,0,0,0,0,0,0,0,0,0,0,7,1,4,0,1,2,6,5,2,0,0,0,0,2,7,7,7,0,6,0,5,0,10,0,0,4,3,3,4,1,0,3,0,5,5,10,11,5,12,1,2,3,9,12,1,3,7,2,0,2,13,7,8,12,13,3,8,7,11,10,8,0
TAN,:tz: Tanzania@@tanzania,"<span style=""color:#6BB04A"">E. Africa</span>",1964,0,0,0,0,0,0,0,0,0,0,0,0,0,0,0,0,0,0,0,0,0,0,0,0,0,0,0,0,0,0,0,0,0,0,0,0,0,0,0,0,0,0,0,0,0,0,0,0,0,0,0,0,0,0,0,0,0,0,0,0,0,0,0,0,0,0,0,0,0,0,0,0,0,0,0,0,0,0,0,0,0,0,0,0,0,0,0,0,0,0,0,0,0,2,3,11,3,8,5,9,12,13,5,15,3,8,2,14,15,9,9,7,7,5,2,9,5,3,12,9,8,5,7,9,13,14,5,3,8,5,15,10,3,3,12,12,10,16,12,19,14,14,12,15,5,15,6,15,3,11,6,7,16,11,0
CHA,:td: Chad@@chad,"<span style=""color:#6BB04A"">E. Africa</span> &bull; <span style=""color:#1F8A6B"">W. Africa</span>",1964,0,0,0,0,0,0,0,0,0,0,0,0,0,0,0,0,0,0,0,0,0,0,0,0,0,0,0,0,0,0,0,0,0,0,0,0,0,0,0,0,0,0,0,0,0,0,0,0,0,0,0,0,0,0,0,0,0,0,0,0,0,0,0,0,0,0,0,0,0,0,0,0,0,0,0,0,0,0,0,0,0,0,0,0,0,0,0,0,0,0,0,0,0,3,0,0,0,0,0,0,5,0,0,0,5,2,1,0,0,0,0,0,2,3,4,7,2,5,6,2,4,0,0,0,0,3,2,6,4,0,4,5,0,4,5,8,7,0,7,6,5,0,3,7,1,0,0,6,5,0,2,4,10,10,0
CTA,:cf: Cent. Afr. Rep.@@cent. afr. rep.,"<span style=""color:#6BB04A"">E. Africa</span> &bull; <span style=""color:#1F8A6B"">W. Africa</span>",1964,0,0,0,0,0,0,0,0,0,0,0,0,0,0,0,0,0,0,0,0,0,0,0,0,0,0,0,0,0,0,0,0,0,0,0,0,0,0,0,0,0,0,0,0,0,0,0,0,0,0,0,0,0,0,0,0,0,0,0,0,0,0,0,0,0,0,0,0,0,0,0,0,0,0,0,0,0,0,0,0,0,0,0,0,0,0,0,0,0,0,0,0,0,1,3,0,0,0,0,0,5,3,0,0,4,0,0,0,0,0,0,0,3,2,4,4,4,5,3,0,0,0,0,0,1,0,0,6,4,0,2,5,0,2,1,3,0,0,2,7,6,5,3,4,4,3,8,4,2,10,4,7,10,7,0
DRV,💀 North Vietnam@@north vietnam,"<span style=""color:#5B4FB0"">E. Asia</span> &bull; <span style=""color:#8C6BC4"">S. Asia</span>",1964,0,0,0,0,0,0,0,0,0,0,0,0,0,0,0,0,0,0,0,0,0,0,0,0,0,0,0,0,0,0,0,0,0,0,0,0,0,0,0,0,0,0,0,0,0,0,0,0,0,0,0,0,0,0,0,0,0,0,0,0,0,0,0,0,0,0,0,0,0,0,0,0,0,0,0,0,0,0,0,0,0,0,0,0,0,0,0,0,0,0,0,0,0,5,3,0,0,0,0,0,0,0,0,0,0,0,0,0,0,0,0,0,0,0,0,0,0,0,0,0,0,0,0,0,0,0,0,0,0,0,0,0,0,0,0,0,0,0,0,0,0,0,0,0,0,0,0,0,0,0,0,0,0,0,1
GAB,:ga: Gabon@@gabon,"<span style=""color:#6BB04A"">E. Africa</span> &bull; <span style=""color:#1F8A6B"">W. Africa</span>",1966,0,0,0,0,0,0,0,0,0,0,0,0,0,0,0,0,0,0,0,0,0,0,0,0,0,0,0,0,0,0,0,0,0,0,0,0,0,0,0,0,0,0,0,0,0,0,0,0,0,0,0,0,0,0,0,0,0,0,0,0,0,0,0,0,0,0,0,0,0,0,0,0,0,0,0,0,0,0,0,0,0,0,0,0,0,0,0,0,0,0,0,0,0,0,2,6,0,2,4,2,4,0,0,0,9,8,2,4,3,3,2,4,7,4,7,10,9,18,7,5,7,13,7,10,17,10,3,18,13,5,4,15,7,11,7,7,9,7,11,7,12,7,9,13,9,12,7,5,3,8,10,7,10,12,0
DOM,:do: Dominican Republic@@dominican republic,"<span style=""color:#8B2424"">LatAm</span> &bull; <span style=""color:#E04E2A"">NA/Carib</span>",1958,0,0,0,0,0,0,0,0,0,0,0,0,0,0,0,0,0,0,0,0,0,0,0,0,0,0,0,0,0,0,0,0,0,0,0,0,0,0,0,0,0,0,0,0,0,0,0,0,0,0,0,0,0,0,0,0,0,0,0,0,0,0,0,0,0,0,0,0,0,0,0,0,0,0,0,0,0,0,0,0,0,0,0,0,0,0,0,0,0,0,0,0,0,0,0,2,0,0,2,1,0,1,3,2,2,0,1,3,0,0,0,0,0,0,4,8,0,0,0,4,2,1,1,3,8,0,2,3,5,2,4,0,5,0,6,0,4,0,2,10,7,2,7,4,6,2,4,10,0,5,5,8,10,10,0
MRI,:mu: Mauritius@@mauritius,"<span style=""color:#6BB04A"">E. Africa</span>",1964,0,0,0,0,0,0,0,0,0,0,0,0,0,0,0,0,0,0,0,0,0,0,0,0,0,0,0,0,0,0,0,0,0,0,0,0,0,0,0,0,0,0,0,0,0,0,0,0,0,0,0,0,0,0,0,0,0,0,0,0,0,0,0,0,0,0,0,0,0,0,0,0,0,0,0,0,0,0,0,0,0,0,0,0,0,0,0,0,0,0,0,0,0,0,0,5,2,0,4,4,6,6,6,7,3,3,3,4,2,2,1,3,4,1,2,3,2,3,4,0,4,6,2,3,6,6,5,7,9,6,5,8,2,3,6,8,10,4,2,8,0,3,2,10,6,9,7,9,2,0,8,11,7,6,0
ZIM,:zw: Zimbabwe@@zimbabwe,"<span style=""color:#6BB04A"">E. Africa</span>",1965,0,0,0,0,0,0,0,0,0,0,0,0,0,0,0,0,0,0,0,0,0,0,0,0,0,0,0,0,0,0,0,0,0,0,0,0,0,0,0,0,0,0,0,0,0,0,0,0,0,0,0,0,0,0,0,0,0,0,0,0,0,0,0,0,0,0,0,0,0,0,0,0,0,0,0,0,0,0,0,0,0,0,0,0,0,0,0,0,0,0,0,0,0,0,0,2,0,10,0,0,0,0,0,0,0,0,0,0,11,17,10,12,13,13,2,15,9,12,10,3,9,16,6,11,8,15,10,11,15,14,9,15,14,15,11,8,13,11,7,10,10,12,3,5,10,14,10,11,3,11,4,4,13,13,0
FIJ,:fj: Fiji@@fiji,"<span style=""color:#C44A8A"">Oceania</span>",1964,0,0,0,0,0,0,0,0,0,0,0,0,0,0,0,0,0,0,0,0,0,0,0,0,0,0,0,0,0,0,0,0,0,0,0,0,0,0,0,0,0,0,0,0,0,0,0,0,0,0,0,0,0,0,0,0,0,0,0,0,0,0,0,0,0,0,0,0,0,0,0,0,0,0,0,0,0,0,0,0,0,0,0,0,0,0,0,0,0,0,0,0,0,0,0,0,1,2,0,0,0,1,0,1,0,1,0,3,4,9,0,2,2,3,2,0,8,3,3,3,6,7,7,6,0,6,7,0,3,6,2,3,9,2,0,8,3,0,0,9,3,0,0,4,4,11,4,9,0,0,9,5,15,6,0
GAM,:gm: Gambia@@gambia,"<span style=""color:#1F8A6B"">W. Africa</span>",1968,0,0,0,0,0,0,0,0,0,0,0,0,0,0,0,0,0,0,0,0,0,0,0,0,0,0,0,0,0,0,0,0,0,0,0,0,0,0,0,0,0,0,0,0,0,0,0,0,0,0,0,0,0,0,0,0,0,0,0,0,0,0,0,0,0,0,0,0,0,0,0,0,0,0,0,0,0,0,0,0,0,0,0,0,0,0,0,0,0,0,0,0,0,0,0,0,1,1,0,2,4,2,2,3,1,2,1,9,7,2,4,10,17,5,5,0,6,1,5,10,0,6,3,6,4,5,1,2,9,6,5,7,0,1,2,8,6,0,5,7,5,7,0,6,5,2,5,9,3,8,11,6,11,9,0
MWI,:mw: Malawi@@malawi,"<span style=""color:#6BB04A"">E. Africa</span>",1968,0,0,0,0,0,0,0,0,0,0,0,0,0,0,0,0,0,0,0,0,0,0,0,0,0,0,0,0,0,0,0,0,0,0,0,0,0,0,0,0,0,0,0,0,0,0,0,0,0,0,0,0,0,0,0,0,0,0,0,0,0,0,0,0,0,0,0,0,0,0,0,0,0,0,0,0,0,0,0,0,0,0,0,0,0,0,0,0,0,0,0,0,0,0,0,0,0,11,2,12,4,2,7,15,13,12,20,14,10,14,7,13,16,15,10,21,18,20,12,11,11,12,5,5,9,13,10,9,14,11,10,14,9,10,12,7,13,14,13,12,13,10,15,16,8,7,9,8,4,14,9,15,10,11,0
BHR,:bh: Bahrain@@bahrain,"<span style=""color:#D4A017"">MENA</span>",1968,0,0,0,0,0,0,0,0,0,0,0,0,0,0,0,0,0,0,0,0,0,0,0,0,0,0,0,0,0,0,0,0,0,0,0,0,0,0,0,0,0,0,0,0,0,0,0,0,0,0,0,0,0,0,0,0,0,0,0,0,0,0,0,0,0,0,0,0,0,0,0,0,0,0,0,0,0,0,0,0,0,0,0,0,0,0,0,0,0,0,0,0,0,0,0,0,0,2,2,4,2,0,6,4,5,7,5,14,4,7,10,4,10,14,20,10,18,0,5,0,8,8,9,0,7,9,9,0,13,23,18,14,33,19,9,15,21,19,19,18,18,16,11,14,9,13,11,19,3,16,15,12,20,13,0
PNG,:pg: Papua New Guinea@@papua new guinea,"<span style=""color:#C44A8A"">Oceania</span>",1966,0,0,0,0,0,0,0,0,0,0,0,0,0,0,0,0,0,0,0,0,0,0,0,0,0,0,0,0,0,0,0,0,0,0,0,0,0,0,0,0,0,0,0,0,0,0,0,0,0,0,0,0,0,0,0,0,0,0,0,0,0,0,0,0,0,0,0,0,0,0,0,0,0,0,0,0,0,0,0,0,0,0,0,0,0,0,0,0,0,0,0,0,0,0,0,0,0,2,0,0,0,0,0,0,5,0,0,1,1,1,0,2,4,3,0,0,0,3,3,2,0,1,3,2,2,4,4,0,3,0,6,3,4,0,0,1,0,0,0,3,3,0,2,0,10,4,0,4,0,0,6,7,11,3,0
BAH,:bs: Bahamas@@bahamas,"<span style=""color:#E04E2A"">NA/Carib</span>",1968,0,0,0,0,0,0,0,0,0,0,0,0,0,0,0,0,0,0,0,0,0,0,0,0,0,0,0,0,0,0,0,0,0,0,0,0,0,0,0,0,0,0,0,0,0,0,0,0,0,0,0,0,0,0,0,0,0,0,0,0,0,0,0,0,0,0,0,0,0,0,0,0,0,0,0,0,0,0,0,0,0,0,0,0,0,0,0,0,0,0,0,0,0,0,0,0,0,0,2,2,0,0,3,0,0,0,0,0,0,0,3,2,0,0,1,4,0,0,0,0,0,0,0,0,0,0,0,6,4,1,0,1,2,0,6,0,4,0,0,2,0,0,0,2,0,0,3,4,0,6,6,9,6,4,0
GUY,:gy: Guyana@@guyana,"<span style=""color:#E04E2A"">NA/Carib</span>",1970,0,0,0,0,0,0,0,0,0,0,0,0,0,0,0,0,0,0,0,0,0,0,0,0,0,0,0,0,0,0,0,0,0,0,0,0,0,0,0,0,0,0,0,0,0,0,0,0,0,0,0,0,0,0,0,0,0,0,0,0,0,0,0,0,0,0,0,0,0,0,0,0,0,0,0,0,0,0,0,0,0,0,0,0,0,0,0,0,0,0,0,0,0,0,0,0,0,0,2,2,0,4,0,0,2,6,6,0,8,0,0,4,6,3,0,11,2,0,3,6,4,3,1,2,4,3,3,3,1,4,3,0,3,3,10,2,17,3,10,9,18,0,3,5,7,3,1,13,0,6,9,9,11,5,0
LES,:ls: Lesotho@@lesotho,"<span style=""color:#6BB04A"">E. Africa</span>",1964,0,0,0,0,0,0,0,0,0,0,0,0,0,0,0,0,0,0,0,0,0,0,0,0,0,0,0,0,0,0,0,0,0,0,0,0,0,0,0,0,0,0,0,0,0,0,0,0,0,0,0,0,0,0,0,0,0,0,0,0,0,0,0,0,0,0,0,0,0,0,0,0,0,0,0,0,0,0,0,0,0,0,0,0,0,0,0,0,0,0,0,0,0,0,0,0,0,0,0,5,8,4,0,0,3,2,4,7,4,5,0,2,1,0,0,0,1,0,3,0,8,4,2,5,0,7,4,5,18,14,8,13,2,4,9,12,13,8,0,8,10,10,13,9,10,10,11,8,2,9,12,17,16,10,0
BRB,:bb: Barbados@@barbados,"<span style=""color:#E04E2A"">NA/Carib</span>",1968,0,0,0,0,0,0,0,0,0,0,0,0,0,0,0,0,0,0,0,0,0,0,0,0,0,0,0,0,0,0,0,0,0,0,0,0,0,0,0,0,0,0,0,0,0,0,0,0,0,0,0,0,0,0,0,0,0,0,0,0,0,0,0,0,0,0,0,0,0,0,0,0,0,0,0,0,0,0,0,0,0,0,0,0,0,0,0,0,0,0,0,0,0,0,0,0,0,0,0,3,0,2,4,5,3,3,6,2,0,4,2,9,0,2,3,7,1,5,10,0,5,3,5,7,7,4,4,4,17,7,5,4,9,7,10,3,18,1,5,11,5,0,4,8,2,7,9,8,2,7,6,11,8,5,0
YMD,💀 South Yemen@@south yemen,"<span style=""color:#D4A017"">MENA</span>",1967,0,0,0,0,0,0,0,0,0,0,0,0,0,0,0,0,0,0,0,0,0,0,0,0,0,0,0,0,0,0,0,0,0,0,0,0,0,0,0,0,0,0,0,0,0,0,0,0,0,0,0,0,0,0,0,0,0,0,0,0,0,0,0,0,0,0,0,0,0,0,0,0,0,0,0,0,0,0,0,0,0,0,0,0,0,0,0,0,0,0,0,0,0,0,0,0,0,0,0,0,5,3,2,2,7,0,1,0,4,1,3,2,1,2,0,0,3,3,0,0,0,0,0,0,0,0,0,0,0,0,0,0,0,0,0,0,0,0,0,0,0,0,0,0,0,0,0,0,0,0,0,0,0,0,1
MTN,:mr: Mauritania@@mauritania,"<span style=""color:#D4A017"">MENA</span>",1970,0,0,0,0,0,0,0,0,0,0,0,0,0,0,0,0,0,0,0,0,0,0,0,0,0,0,0,0,0,0,0,0,0,0,0,0,0,0,0,0,0,0,0,0,0,0,0,0,0,0,0,0,0,0,0,0,0,0,0,0,0,0,0,0,0,0,0,0,0,0,0,0,0,0,0,0,0,0,0,0,0,0,0,0,0,0,0,0,0,0,0,0,0,0,0,0,0,0,0,0,4,0,0,2,9,2,0,5,7,2,2,9,11,11,2,6,3,2,5,4,0,4,6,14,5,6,0,0,9,4,4,7,0,0,5,5,6,0,1,0,3,6,7,8,7,8,5,11,3,15,10,7,15,11,0
NEP,:np: Nepal@@nepal,"<span style=""color:#8C6BC4"">S. Asia</span>",1972,0,0,0,0,0,0,0,0,0,0,0,0,0,0,0,0,0,0,0,0,0,0,0,0,0,0,0,0,0,0,0,0,0,0,0,0,0,0,0,0,0,0,0,0,0,0,0,0,0,0,0,0,0,0,0,0,0,0,0,0,0,0,0,0,0,0,0,0,0,0,0,0,0,0,0,0,0,0,0,0,0,0,0,0,0,0,0,0,0,0,0,0,0,0,0,0,0,0,0,0,1,0,0,0,0,0,0,0,0,1,10,4,6,7,8,10,4,9,0,3,0,6,3,7,6,8,3,8,3,6,0,11,0,3,4,2,13,7,0,14,7,9,4,6,8,6,7,10,2,14,10,13,7,9,0
ATG,:ag: Antigua and Barbuda@@antigua and barbuda,"<span style=""color:#E04E2A"">NA/Carib</span>",1972,0,0,0,0,0,0,0,0,0,0,0,0,0,0,0,0,0,0,0,0,0,0,0,0,0,0,0,0,0,0,0,0,0,0,0,0,0,0,0,0,0,0,0,0,0,0,0,0,0,0,0,0,0,0,0,0,0,0,0,0,0,0,0,0,0,0,0,0,0,0,0,0,0,0,0,0,0,0,0,0,0,0,0,0,0,0,0,0,0,0,0,0,0,0,0,0,0,0,0,0,4,0,0,1,0,0,3,2,0,0,0,5,2,0,2,2,5,1,4,0,6,1,0,5,2,7,9,8,10,4,5,2,7,3,11,2,15,2,9,8,13,0,8,8,7,0,6,10,0,5,3,7,8,4,0
QAT,:qa: Qatar@@qatar,"<span style=""color:#D4A017"">MENA</span>",1972,0,0,0,0,0,0,0,0,0,0,0,0,0,0,0,0,0,0,0,0,0,0,0,0,0,0,0,0,0,0,0,0,0,0,0,0,0,0,0,0,0,0,0,0,0,0,0,0,0,0,0,0,0,0,0,0,0,0,0,0,0,0,0,0,0,0,0,0,0,0,0,0,0,0,0,0,0,0,0,0,0,0,0,0,0,0,0,0,0,0,0,0,0,0,0,0,0,0,0,0,0,1,4,6,5,5,3,10,6,4,7,9,24,12,15,7,17,16,4,0,16,13,14,0,20,8,20,0,20,28,12,15,25,5,8,17,25,20,14,18,13,23,17,15,12,18,11,21,4,23,13,17,21,12,0
BDI,:bi: Burundi@@burundi,"<span style=""color:#6BB04A"">E. Africa</span>",1972,0,0,0,0,0,0,0,0,0,0,0,0,0,0,0,0,0,0,0,0,0,0,0,0,0,0,0,0,0,0,0,0,0,0,0,0,0,0,0,0,0,0,0,0,0,0,0,0,0,0,0,0,0,0,0,0,0,0,0,0,0,0,0,0,0,0,0,0,0,0,0,0,0,0,0,0,0,0,0,0,0,0,0,0,0,0,0,0,0,0,0,0,0,0,0,0,0,0,0,0,0,0,2,2,5,2,0,0,0,3,1,0,0,0,0,3,0,0,0,0,5,5,0,0,2,0,3,8,10,8,5,7,5,3,4,11,7,8,5,12,5,4,6,8,4,9,5,14,7,5,5,6,11,8,0
BRU,:bn: Brunei@@brunei,"<span style=""color:#5B4FB0"">E. Asia</span> &bull; <span style=""color:#8C6BC4"">S. Asia</span>",1972,0,0,0,0,0,0,0,0,0,0,0,0,0,0,0,0,0,0,0,0,0,0,0,0,0,0,0,0,0,0,0,0,0,0,0,0,0,0,0,0,0,0,0,0,0,0,0,0,0,0,0,0,0,0,0,0,0,0,0,0,0,0,0,0,0,0,0,0,0,0,0,0,0,0,0,0,0,0,0,0,0,0,0,0,0,0,0,0,0,0,0,0,0,0,0,0,0,0,0,0,0,0,0,3,0,3,0,0,6,0,2,7,1,12,1,2,0,3,0,2,0,6,0,4,4,4,2,4,3,6,0,2,0,0,7,0,7,3,0,0,5,0,4,4,7,0,2,2,0,0,9,3,9,6,0
UAE,:ae: United Arab Emirates@@united arab emirates,"<span style=""color:#D4A017"">MENA</span>",1974,0,0,0,0,0,0,0,0,0,0,0,0,0,0,0,0,0,0,0,0,0,0,0,0,0,0,0,0,0,0,0,0,0,0,0,0,0,0,0,0,0,0,0,0,0,0,0,0,0,0,0,0,0,0,0,0,0,0,0,0,0,0,0,0,0,0,0,0,0,0,0,0,0,0,0,0,0,0,0,0,0,0,0,0,0,0,0,0,0,0,0,0,0,0,0,0,0,0,0,0,0,0,0,2,5,0,0,9,8,9,13,4,15,12,11,6,28,9,17,0,22,15,18,1,26,21,17,12,11,24,7,14,22,10,12,21,18,15,12,15,10,16,15,14,13,11,12,17,3,17,11,11,18,13,0
BAN,:bd: Bangladesh@@bangladesh,"<span style=""color:#8C6BC4"">S. Asia</span>",1976,0,0,0,0,0,0,0,0,0,0,0,0,0,0,0,0,0,0,0,0,0,0,0,0,0,0,0,0,0,0,0,0,0,0,0,0,0,0,0,0,0,0,0,0,0,0,0,0,0,0,0,0,0,0,0,0,0,0,0,0,0,0,0,0,0,0,0,0,0,0,0,0,0,0,0,0,0,0,0,0,0,0,0,0,0,0,0,0,0,0,0,0,0,0,0,0,0,0,0,0,0,0,0,0,1,0,2,8,4,1,7,4,7,10,6,3,5,9,2,3,2,11,2,10,0,9,1,12,4,8,1,10,0,7,10,6,8,6,3,10,3,5,3,15,9,0,7,9,6,14,8,14,10,8,0
MAC,:mo: Macau@@macau,"<span style=""color:#5B4FB0"">E. Asia</span>",1978,0,0,0,0,0,0,0,0,0,0,0,0,0,0,0,0,0,0,0,0,0,0,0,0,0,0,0,0,0,0,0,0,0,0,0,0,0,0,0,0,0,0,0,0,0,0,0,0,0,0,0,0,0,0,0,0,0,0,0,0,0,0,0,0,0,0,0,0,0,0,0,0,0,0,0,0,0,0,0,0,0,0,0,0,0,0,0,0,0,0,0,0,0,0,0,0,0,0,0,0,0,0,0,0,0,0,4,1,5,0,1,1,1,6,1,1,0,0,0,0,3,9,0,0,3,6,0,0,4,8,0,8,0,0,5,5,3,7,2,7,4,3,3,3,8,6,5,1,0,0,0,6,3,2,0
GRN,:gd: Grenada@@grenada,"<span style=""color:#E04E2A"">NA/Carib</span>",1978,0,0,0,0,0,0,0,0,0,0,0,0,0,0,0,0,0,0,0,0,0,0,0,0,0,0,0,0,0,0,0,0,0,0,0,0,0,0,0,0,0,0,0,0,0,0,0,0,0,0,0,0,0,0,0,0,0,0,0,0,0,0,0,0,0,0,0,0,0,0,0,0,0,0,0,0,0,0,0,0,0,0,0,0,0,0,0,0,0,0,0,0,0,0,0,0,0,0,0,0,0,0,0,0,0,0,3,2,2,2,0,0,0,1,1,2,1,5,7,0,3,2,4,4,6,8,3,6,2,11,7,0,17,1,6,0,16,5,8,13,3,2,5,9,4,11,4,8,0,7,7,11,7,9,0
SWZ,:sz: Eswatini@@eswatini,"<span style=""color:#6BB04A"">E. Africa</span>",1978,0,0,0,0,0,0,0,0,0,0,0,0,0,0,0,0,0,0,0,0,0,0,0,0,0,0,0,0,0,0,0,0,0,0,0,0,0,0,0,0,0,0,0,0,0,0,0,0,0,0,0,0,0,0,0,0,0,0,0,0,0,0,0,0,0,0,0,0,0,0,0,0,0,0,0,0,0,0,0,0,0,0,0,0,0,0,0,0,0,0,0,0,0,0,0,0,0,0,0,0,0,0,0,0,0,0,2,0,0,4,0,0,3,0,1,4,3,3,8,5,3,7,1,0,3,7,6,7,10,10,12,13,4,2,11,10,12,8,5,12,3,7,7,11,11,5,11,7,2,9,12,14,13,7,0
RWA,:rw: Rwanda@@rwanda,"<span style=""color:#6BB04A"">E. Africa</span>",1978,0,0,0,0,0,0,0,0,0,0,0,0,0,0,0,0,0,0,0,0,0,0,0,0,0,0,0,0,0,0,0,0,0,0,0,0,0,0,0,0,0,0,0,0,0,0,0,0,0,0,0,0,0,0,0,0,0,0,0,0,0,0,0,0,0,0,0,0,0,0,0,0,0,0,0,0,0,0,0,0,0,0,0,0,0,0,0,0,0,0,0,0,0,0,0,0,0,0,0,0,0,0,0,0,0,0,0,1,0,2,2,2,0,0,4,0,0,0,0,0,0,0,0,2,7,0,3,8,13,5,7,12,15,11,10,11,7,17,6,11,13,12,7,13,5,4,4,6,2,10,7,6,10,7,0
OMA,:om: Oman@@oman,"<span style=""color:#D4A017"">MENA</span>",1978,0,0,0,0,0,0,0,0,0,0,0,0,0,0,0,0,0,0,0,0,0,0,0,0,0,0,0,0,0,0,0,0,0,0,0,0,0,0,0,0,0,0,0,0,0,0,0,0,0,0,0,0,0,0,0,0,0,0,0,0,0,0,0,0,0,0,0,0,0,0,0,0,0,0,0,0,0,0,0,0,0,0,0,0,0,0,0,0,0,0,0,0,0,0,0,0,0,0,0,0,0,0,0,0,0,0,0,6,0,2,10,0,10,1,15,6,12,6,4,0,8,7,19,0,28,10,18,12,10,30,7,14,25,6,10,20,24,18,16,13,21,15,15,17,8,11,13,17,0,19,12,15,19,17,0
MOZ,:mz: Mozambique@@mozambique,"<span style=""color:#6BB04A"">E. Africa</span>",1980,0,0,0,0,0,0,0,0,0,0,0,0,0,0,0,0,0,0,0,0,0,0,0,0,0,0,0,0,0,0,0,0,0,0,0,0,0,0,0,0,0,0,0,0,0,0,0,0,0,0,0,0,0,0,0,0,0,0,0,0,0,0,0,0,0,0,0,0,0,0,0,0,0,0,0,0,0,0,0,0,0,0,0,0,0,0,0,0,0,0,0,0,0,0,0,0,0,0,0,0,0,0,0,0,0,0,0,0,6,11,1,8,2,9,4,6,5,5,10,7,5,6,4,9,11,14,21,8,8,4,7,9,7,4,6,8,12,12,10,8,12,6,13,8,9,8,7,9,4,15,8,12,16,13,0
ANG,:ao: Angola@@angola,"<span style=""color:#6BB04A"">E. Africa</span> &bull; <span style=""color:#1F8A6B"">W. Africa</span>",1980,0,0,0,0,0,0,0,0,0,0,0,0,0,0,0,0,0,0,0,0,0,0,0,0,0,0,0,0,0,0,0,0,0,0,0,0,0,0,0,0,0,0,0,0,0,0,0,0,0,0,0,0,0,0,0,0,0,0,0,0,0,0,0,0,0,0,0,0,0,0,0,0,0,0,0,0,0,0,0,0,0,0,0,0,0,0,0,0,0,0,0,0,0,0,0,0,0,0,0,0,0,0,0,0,0,0,0,0,6,8,4,5,4,7,4,11,11,9,10,4,1,4,4,7,7,9,13,10,11,17,6,10,12,12,18,10,14,13,10,10,15,8,11,8,5,6,9,9,3,8,9,12,22,15,0
BOT,:bw: Botswana@@botswana,"<span style=""color:#6BB04A"">E. Africa</span>",1978,0,0,0,0,0,0,0,0,0,0,0,0,0,0,0,0,0,0,0,0,0,0,0,0,0,0,0,0,0,0,0,0,0,0,0,0,0,0,0,0,0,0,0,0,0,0,0,0,0,0,0,0,0,0,0,0,0,0,0,0,0,0,0,0,0,0,0,0,0,0,0,0,0,0,0,0,0,0,0,0,0,0,0,0,0,0,0,0,0,0,0,0,0,0,0,0,0,0,0,0,0,0,0,0,0,0,0,0,0,2,1,0,1,0,4,4,3,1,7,4,6,3,6,9,2,4,6,3,10,7,9,13,12,12,11,10,12,9,10,13,14,13,15,11,9,8,13,8,2,7,11,11,15,11,0
LIE,:li: Liechtenstein@@liechtenstein,"<span style=""color:#2A6FB5"">Europe</span>",1976,0,0,0,0,0,0,0,0,0,0,0,0,0,0,0,0,0,0,0,0,0,0,0,0,0,0,0,0,0,0,0,0,0,0,0,0,0,0,0,0,0,0,0,0,0,0,0,0,0,0,0,0,0,0,0,0,0,0,0,0,0,0,0,0,0,0,0,0,0,0,0,0,0,0,0,0,0,0,0,0,0,0,0,0,0,0,0,0,0,0,0,0,0,0,0,0,0,0,0,0,0,0,0,0,0,0,0,0,0,4,0,0,1,0,0,0,0,0,1,1,0,1,6,5,5,6,4,8,4,7,6,8,9,8,8,9,7,10,5,8,7,10,7,8,7,8,8,10,6,12,9,10,10,10,0
YAR,💀 North Yemen@@north yemen,"<span style=""color:#D4A017"">MENA</span>",1980,0,0,0,0,0,0,0,0,0,0,0,0,0,0,0,0,0,0,0,0,0,0,0,0,0,0,0,0,0,0,0,0,0,0,0,0,0,0,0,0,0,0,0,0,0,0,0,0,0,0,0,0,0,0,0,0,0,0,0,0,0,0,0,0,0,0,0,0,0,0,0,0,0,0,0,0,0,0,0,0,0,0,0,0,0,0,0,0,0,0,0,0,0,0,0,0,0,0,0,0,0,0,0,0,0,0,0,0,0,0,0,0,4,7,0,0,7,4,0,0,0,0,0,0,0,0,0,0,0,0,0,0,0,0,0,0,0,0,0,0,0,0,0,0,0,0,0,0,0,0,0,0,0,0,1
SEY,:sc: Seychelles@@seychelles,"<span style=""color:#6BB04A"">E. Africa</span>",1986,0,0,0,0,0,0,0,0,0,0,0,0,0,0,0,0,0,0,0,0,0,0,0,0,0,0,0,0,0,0,0,0,0,0,0,0,0,0,0,0,0,0,0,0,0,0,0,0,0,0,0,0,0,0,0,0,0,0,0,0,0,0,0,0,0,0,0,0,0,0,0,0,0,0,0,0,0,0,0,0,0,0,0,0,0,0,0,0,0,0,0,0,0,0,0,0,0,0,0,0,0,0,0,0,0,0,0,0,0,0,0,0,0,0,2,2,3,1,2,0,2,2,1,0,2,0,4,0,4,0,3,8,0,1,6,7,9,3,0,8,2,4,4,8,7,4,8,9,3,6,7,9,5,6,0
EQG,:gq: Equatorial Guinea@@equatorial guinea,"<span style=""color:#6BB04A"">E. Africa</span> &bull; <span style=""color:#1F8A6B"">W. Africa</span>",1986,0,0,0,0,0,0,0,0,0,0,0,0,0,0,0,0,0,0,0,0,0,0,0,0,0,0,0,0,0,0,0,0,0,0,0,0,0,0,0,0,0,0,0,0,0,0,0,0,0,0,0,0,0,0,0,0,0,0,0,0,0,0,0,0,0,0,0,0,0,0,0,0,0,0,0,0,0,0,0,0,0,0,0,0,0,0,0,0,0,0,0,0,0,0,0,0,0,0,0,0,0,0,0,0,0,0,0,0,0,0,0,0,0,0,2,4,4,0,3,0,0,0,0,0,0,0,2,5,4,0,2,8,0,1,7,7,6,3,2,9,10,5,3,14,5,3,5,7,2,8,11,5,15,12,0
GNB,:gw: Guinea-Bissau@@guinea-bissau,"<span style=""color:#1F8A6B"">W. Africa</span>",1986,0,0,0,0,0,0,0,0,0,0,0,0,0,0,0,0,0,0,0,0,0,0,0,0,0,0,0,0,0,0,0,0,0,0,0,0,0,0,0,0,0,0,0,0,0,0,0,0,0,0,0,0,0,0,0,0,0,0,0,0,0,0,0,0,0,0,0,0,0,0,0,0,0,0,0,0,0,0,0,0,0,0,0,0,0,0,0,0,0,0,0,0,0,0,0,0,0,0,0,0,0,0,0,0,0,0,0,0,0,0,0,0,0,0,0,6,3,4,1,4,7,7,3,6,2,3,0,0,5,5,0,2,0,2,0,4,0,0,3,8,2,0,4,4,4,5,6,9,3,8,9,7,14,8,0
CPV,:cv: Cape Verde@@cape verde,"<span style=""color:#1F8A6B"">W. Africa</span>",1986,0,0,0,0,0,0,0,0,0,0,0,0,0,0,0,0,0,0,0,0,0,0,0,0,0,0,0,0,0,0,0,0,0,0,0,0,0,0,0,0,0,0,0,0,0,0,0,0,0,0,0,0,0,0,0,0,0,0,0,0,0,0,0,0,0,0,0,0,0,0,0,0,0,0,0,0,0,0,0,0,0,0,0,0,0,0,0,0,0,0,0,0,0,0,0,0,0,0,0,0,0,0,0,0,0,0,0,0,0,0,0,0,0,0,0,3,5,5,1,4,3,0,0,6,0,3,3,0,10,2,3,7,6,6,3,6,8,4,5,5,7,7,7,10,6,7,6,4,4,9,10,9,16,10,0
STP,:st: Sao Tome-Principe@@sao tome-principe,"<span style=""color:#6BB04A"">E. Africa</span> &bull; <span style=""color:#1F8A6B"">W. Africa</span>",1986,0,0,0,0,0,0,0,0,0,0,0,0,0,0,0,0,0,0,0,0,0,0,0,0,0,0,0,0,0,0,0,0,0,0,0,0,0,0,0,0,0,0,0,0,0,0,0,0,0,0,0,0,0,0,0,0,0,0,0,0,0,0,0,0,0,0,0,0,0,0,0,0,0,0,0,0,0,0,0,0,0,0,0,0,0,0,0,0,0,0,0,0,0,0,0,0,0,0,0,0,0,0,0,0,0,0,0,0,0,0,0,0,0,0,0,2,0,0,0,0,0,0,0,0,0,0,2,5,4,0,0,3,0,0,0,0,0,0,0,2,4,0,3,4,4,2,1,6,2,2,4,6,4,6,0
SAM,:ws: Samoa@@samoa,"<span style=""color:#C44A8A"">Oceania</span>",1986,0,0,0,0,0,0,0,0,0,0,0,0,0,0,0,0,0,0,0,0,0,0,0,0,0,0,0,0,0,0,0,0,0,0,0,0,0,0,0,0,0,0,0,0,0,0,0,0,0,0,0,0,0,0,0,0,0,0,0,0,0,0,0,0,0,0,0,0,0,0,0,0,0,0,0,0,0,0,0,0,0,0,0,0,0,0,0,0,0,0,0,0,0,0,0,0,0,0,0,0,0,0,0,0,0,0,0,0,0,0,0,0,0,0,0,2,1,0,0,0,0,0,2,0,2,0,4,0,4,3,3,0,5,0,0,4,0,0,0,5,3,0,0,3,3,0,0,3,0,0,0,3,10,0,0
MDV,:mv: Maldives@@maldives,"<span style=""color:#8C6BC4"">S. Asia</span>",1986,0,0,0,0,0,0,0,0,0,0,0,0,0,0,0,0,0,0,0,0,0,0,0,0,0,0,0,0,0,0,0,0,0,0,0,0,0,0,0,0,0,0,0,0,0,0,0,0,0,0,0,0,0,0,0,0,0,0,0,0,0,0,0,0,0,0,0,0,0,0,0,0,0,0,0,0,0,0,0,0,0,0,0,0,0,0,0,0,0,0,0,0,0,0,0,0,0,0,0,0,0,0,0,0,0,0,0,0,0,0,0,0,0,0,0,2,0,2,0,3,0,3,0,2,6,10,3,8,12,8,3,10,11,4,0,3,7,8,1,16,7,8,6,14,9,6,5,7,0,10,8,6,2,9,0
FRO,:fo: Faroe Islands@@faroe islands,"<span style=""color:#2A6FB5"">Europe</span>",1988,0,0,0,0,0,0,0,0,0,0,0,0,0,0,0,0,0,0,0,0,0,0,0,0,0,0,0,0,0,0,0,0,0,0,0,0,0,0,0,0,0,0,0,0,0,0,0,0,0,0,0,0,0,0,0,0,0,0,0,0,0,0,0,0,0,0,0,0,0,0,0,0,0,0,0,0,0,0,0,0,0,0,0,0,0,0,0,0,0,0,0,0,0,0,0,0,0,0,0,0,0,0,0,0,0,0,0,0,0,0,0,0,0,0,0,0,1,2,3,7,7,6,3,8,7,7,5,7,6,9,6,7,7,6,5,8,7,7,8,5,4,9,4,6,6,6,8,10,8,12,10,10,10,10,0
SOL,:sb: Solomon Islands@@solomon islands,"<span style=""color:#C44A8A"">Oceania</span>",1988,0,0,0,0,0,0,0,0,0,0,0,0,0,0,0,0,0,0,0,0,0,0,0,0,0,0,0,0,0,0,0,0,0,0,0,0,0,0,0,0,0,0,0,0,0,0,0,0,0,0,0,0,0,0,0,0,0,0,0,0,0,0,0,0,0,0,0,0,0,0,0,0,0,0,0,0,0,0,0,0,0,0,0,0,0,0,0,0,0,0,0,0,0,0,0,0,0,0,0,0,0,0,0,0,0,0,0,0,0,0,0,0,0,0,0,0,3,3,3,3,6,2,4,5,3,8,4,0,7,4,3,3,12,2,0,7,1,0,0,10,9,2,0,0,9,10,2,7,0,0,7,10,12,3,0
VAN,:vu: Vanuatu@@vanuatu,"<span style=""color:#C44A8A"">Oceania</span>",1988,0,0,0,0,0,0,0,0,0,0,0,0,0,0,0,0,0,0,0,0,0,0,0,0,0,0,0,0,0,0,0,0,0,0,0,0,0,0,0,0,0,0,0,0,0,0,0,0,0,0,0,0,0,0,0,0,0,0,0,0,0,0,0,0,0,0,0,0,0,0,0,0,0,0,0,0,0,0,0,0,0,0,0,0,0,0,0,0,0,0,0,0,0,0,0,0,0,0,0,0,0,0,0,0,0,0,0,0,0,0,0,0,0,0,0,0,2,3,3,3,8,2,3,4,2,0,5,0,7,4,4,3,11,0,0,10,5,0,0,11,3,0,0,2,4,5,2,7,0,0,3,11,12,3,0
LCA,:lc: Saint Lucia@@saint lucia,"<span style=""color:#E04E2A"">NA/Carib</span>",1988,0,0,0,0,0,0,0,0,0,0,0,0,0,0,0,0,0,0,0,0,0,0,0,0,0,0,0,0,0,0,0,0,0,0,0,0,0,0,0,0,0,0,0,0,0,0,0,0,0,0,0,0,0,0,0,0,0,0,0,0,0,0,0,0,0,0,0,0,0,0,0,0,0,0,0,0,0,0,0,0,0,0,0,0,0,0,0,0,0,0,0,0,0,0,0,0,0,0,0,0,0,0,0,0,0,0,0,0,0,0,0,0,0,0,0,0,3,1,3,4,2,4,0,9,4,5,4,9,6,8,7,2,12,0,5,0,5,0,6,9,3,4,10,6,0,4,3,13,0,0,6,6,6,4,0
ARU,:aw: Aruba@@aruba,"<span style=""color:#8B2424"">LatAm</span> &bull; <span style=""color:#E04E2A"">NA/Carib</span>",1932,0,0,0,0,0,0,0,0,0,0,0,0,0,0,0,0,0,0,0,0,0,0,0,0,0,0,0,0,0,0,0,0,0,0,0,0,0,0,0,0,0,0,0,0,0,0,0,0,0,0,0,0,0,0,0,0,0,0,0,0,0,0,0,0,0,0,0,0,0,0,0,0,0,0,0,0,0,0,0,0,0,0,0,0,0,0,0,0,0,0,0,0,0,0,0,0,0,0,0,0,0,0,0,0,0,0,0,0,0,0,0,0,0,0,0,0,0,4,1,2,2,0,0,2,2,2,2,0,4,3,2,0,3,0,0,0,4,0,2,3,5,1,4,5,2,0,2,7,0,5,2,5,7,5,0
VIN,:vc: Saint Vincent@@saint vincent,"<span style=""color:#E04E2A"">NA/Carib</span>",1988,0,0,0,0,0,0,0,0,0,0,0,0,0,0,0,0,0,0,0,0,0,0,0,0,0,0,0,0,0,0,0,0,0,0,0,0,0,0,0,0,0,0,0,0,0,0,0,0,0,0,0,0,0,0,0,0,0,0,0,0,0,0,0,0,0,0,0,0,0,0,0,0,0,0,0,0,0,0,0,0,0,0,0,0,0,0,0,0,0,0,0,0,0,0,0,0,0,0,0,0,0,0,0,0,0,0,0,0,0,0,0,0,0,0,0,0,0,3,1,0,17,4,1,11,16,1,4,3,15,6,0,0,19,3,11,3,9,2,9,10,11,2,10,13,6,4,3,13,0,5,8,6,9,13,0
YEM,:ye: Yemen@@yemen,"<span style=""color:#D4A017"">MENA</span>",1967,0,0,0,0,0,0,0,0,0,0,0,0,0,0,0,0,0,0,0,0,0,0,0,0,0,0,0,0,0,0,0,0,0,0,0,0,0,0,0,0,0,0,0,0,0,0,0,0,0,0,0,0,0,0,0,0,0,0,0,0,0,0,0,0,0,0,0,0,0,0,0,0,0,0,0,0,0,0,0,0,0,0,0,0,0,0,0,0,0,0,0,0,0,0,0,0,0,0,0,0,0,0,0,0,0,0,0,0,0,0,0,0,0,0,0,0,0,0,4,0,0,8,8,0,5,6,0,0,5,6,5,11,19,2,11,9,7,9,18,3,10,9,10,10,3,10,4,16,0,4,3,7,11,5,0
SMR,:sm: San Marino@@san marino,"<span style=""color:#2A6FB5"">Europe</span>",1988,0,0,0,0,0,0,0,0,0,0,0,0,0,0,0,0,0,0,0,0,0,0,0,0,0,0,0,0,0,0,0,0,0,0,0,0,0,0,0,0,0,0,0,0,0,0,0,0,0,0,0,0,0,0,0,0,0,0,0,0,0,0,0,0,0,0,0,0,0,0,0,0,0,0,0,0,0,0,0,0,0,0,0,0,0,0,0,0,0,0,0,0,0,0,0,0,0,0,0,0,0,0,0,0,0,0,0,0,0,0,0,0,0,0,0,0,0,0,2,6,4,7,3,7,4,4,3,5,3,6,4,6,5,6,4,9,4,6,5,7,5,7,5,7,5,8,6,10,6,12,10,10,10,10,0
TAH,:pf: Tahiti@@tahiti,"<span style=""color:#C44A8A"">Oceania</span>",1990,0,0,0,0,0,0,0,0,0,0,0,0,0,0,0,0,0,0,0,0,0,0,0,0,0,0,0,0,0,0,0,0,0,0,0,0,0,0,0,0,0,0,0,0,0,0,0,0,0,0,0,0,0,0,0,0,0,0,0,0,0,0,0,0,0,0,0,0,0,0,0,0,0,0,0,0,0,0,0,0,0,0,0,0,0,0,0,0,0,0,0,0,0,0,0,0,0,0,0,0,0,0,0,0,0,0,0,0,0,0,0,0,0,0,0,0,0,0,0,1,6,4,5,8,3,4,8,0,6,4,5,4,8,0,0,5,1,0,1,7,10,5,0,0,4,2,2,6,0,0,2,7,8,1,0
SRB,:rs: Serbia@@serbia,"<span style=""color:#2A6FB5"">Europe</span>",1923,0,0,0,0,0,0,0,0,0,0,0,0,0,0,0,0,0,0,0,0,0,0,0,0,0,0,0,0,0,0,0,0,0,0,0,0,0,0,0,0,0,0,0,0,0,0,0,0,0,0,0,0,0,0,0,0,0,0,0,0,0,0,0,0,0,0,0,0,0,0,0,0,0,0,0,0,0,0,0,0,0,0,0,0,0,0,0,0,0,0,0,0,0,0,0,0,0,0,0,0,0,0,0,0,0,0,0,0,0,0,0,0,0,0,0,0,0,0,0,3,1,0,2,5,9,13,15,7,11,11,11,10,9,12,11,10,11,12,14,12,11,10,8,8,10,8,13,10,8,12,12,11,13,10,0
VIE,:vn: Vietnam@@vietnam,"<span style=""color:#5B4FB0"">E. Asia</span> &bull; <span style=""color:#8C6BC4"">S. Asia</span>",1952,0,0,0,0,0,0,0,0,0,0,0,0,0,0,0,0,0,0,0,0,0,0,0,0,0,0,0,0,0,0,0,0,0,0,0,0,0,0,0,0,0,0,0,0,0,0,0,0,0,0,0,0,0,0,0,0,0,0,0,0,0,0,0,0,0,0,0,0,0,0,0,0,0,0,0,0,0,0,0,0,0,0,0,0,0,0,0,0,0,0,0,0,0,0,0,0,0,0,0,0,0,0,0,0,0,0,0,0,0,0,0,0,0,0,0,0,0,0,0,3,0,12,0,7,9,15,8,7,10,6,10,6,12,0,4,13,14,7,12,5,12,6,10,5,13,6,11,12,0,16,11,13,17,8,0
CRO,:hr: Croatia@@croatia,"<span style=""color:#2A6FB5"">Europe</span>",1923,0,0,0,0,0,0,0,0,0,0,0,0,0,0,0,0,0,0,0,0,0,0,0,0,0,0,0,0,0,0,0,0,0,0,0,0,0,0,0,0,0,0,0,0,0,0,0,0,0,0,0,0,0,0,0,0,0,0,0,0,0,0,0,0,0,0,0,0,0,0,0,0,0,0,0,0,0,0,0,0,0,0,0,0,0,0,0,0,0,0,0,0,0,0,0,0,0,0,0,0,0,0,0,0,0,0,0,0,0,0,0,0,0,0,0,0,0,0,0,0,4,1,8,7,14,10,14,13,7,11,11,12,13,10,15,11,13,9,10,11,11,12,12,7,13,9,17,10,8,16,16,10,13,10,0
NAM,:na: Namibia@@namibia,"<span style=""color:#6BB04A"">E. Africa</span>",1992,0,0,0,0,0,0,0,0,0,0,0,0,0,0,0,0,0,0,0,0,0,0,0,0,0,0,0,0,0,0,0,0,0,0,0,0,0,0,0,0,0,0,0,0,0,0,0,0,0,0,0,0,0,0,0,0,0,0,0,0,0,0,0,0,0,0,0,0,0,0,0,0,0,0,0,0,0,0,0,0,0,0,0,0,0,0,0,0,0,0,0,0,0,0,0,0,0,0,0,0,0,0,0,0,0,0,0,0,0,0,0,0,0,0,0,0,0,0,0,0,5,2,7,7,6,16,14,13,10,15,3,8,2,2,6,12,15,6,4,10,9,9,4,14,8,5,9,10,3,12,5,9,18,11,0
UKR,:ua: Ukraine@@ukraine,"<span style=""color:#6BAFE5"">Ex-USSR</span>",1922,0,0,0,0,0,0,0,0,0,0,0,0,0,0,0,0,0,0,0,0,0,0,0,0,0,0,0,0,0,0,0,0,0,0,0,0,0,0,0,0,0,0,0,0,0,0,0,0,0,0,0,0,0,0,0,0,0,0,0,0,0,0,0,0,0,0,0,0,0,0,0,0,0,0,0,0,0,0,0,0,0,0,0,0,0,0,0,0,0,0,0,0,0,0,0,0,0,0,0,0,0,0,0,0,0,0,0,0,0,0,0,0,0,0,0,0,0,0,0,0,2,6,9,7,6,10,5,11,5,13,10,10,10,10,14,11,9,12,9,12,12,12,8,10,12,8,10,10,7,18,8,9,14,10,0
GEO,:ge: Georgia@@georgia,"<span style=""color:#6BAFE5"">Ex-USSR</span>",1922,0,0,0,0,0,0,0,0,0,0,0,0,0,0,0,0,0,0,0,0,0,0,0,0,0,0,0,0,0,0,0,0,0,0,0,0,0,0,0,0,0,0,0,0,0,0,0,0,0,0,0,0,0,0,0,0,0,0,0,0,0,0,0,0,0,0,0,0,0,0,0,0,0,0,0,0,0,0,0,0,0,0,0,0,0,0,0,0,0,0,0,0,0,0,0,0,0,0,0,0,0,0,0,0,0,0,0,0,0,0,0,0,0,0,0,0,0,0,0,0,2,0,11,6,8,7,11,8,9,10,5,8,9,11,10,12,10,10,8,9,8,8,6,9,8,12,10,10,8,12,9,10,13,10,0
BLR,:by: Belarus@@belarus,"<span style=""color:#6BAFE5"">Ex-USSR</span>",1922,0,0,0,0,0,0,0,0,0,0,0,0,0,0,0,0,0,0,0,0,0,0,0,0,0,0,0,0,0,0,0,0,0,0,0,0,0,0,0,0,0,0,0,0,0,0,0,0,0,0,0,0,0,0,0,0,0,0,0,0,0,0,0,0,0,0,0,0,0,0,0,0,0,0,0,0,0,0,0,0,0,0,0,0,0,0,0,0,0,0,0,0,0,0,0,0,0,0,0,0,0,0,0,0,0,0,0,0,0,0,0,0,0,0,0,0,0,0,0,0,1,2,5,8,10,8,4,9,7,7,7,8,8,10,10,11,11,11,10,11,8,13,9,8,10,11,10,10,10,11,10,10,10,10,0
SVN,:si: Slovenia@@slovenia,"<span style=""color:#2A6FB5"">Europe</span>",1923,0,0,0,0,0,0,0,0,0,0,0,0,0,0,0,0,0,0,0,0,0,0,0,0,0,0,0,0,0,0,0,0,0,0,0,0,0,0,0,0,0,0,0,0,0,0,0,0,0,0,0,0,0,0,0,0,0,0,0,0,0,0,0,0,0,0,0,0,0,0,0,0,0,0,0,0,0,0,0,0,0,0,0,0,0,0,0,0,0,0,0,0,0,0,0,0,0,0,0,0,0,0,0,0,0,0,0,0,0,0,0,0,0,0,0,0,0,0,0,0,1,1,9,8,8,6,9,12,11,12,11,10,9,9,8,11,9,10,11,9,8,10,8,9,9,6,9,10,8,12,10,10,15,10,0
CAY,:ky: Cayman Islands@@cayman islands,"<span style=""color:#E04E2A"">NA/Carib</span>",1992,0,0,0,0,0,0,0,0,0,0,0,0,0,0,0,0,0,0,0,0,0,0,0,0,0,0,0,0,0,0,0,0,0,0,0,0,0,0,0,0,0,0,0,0,0,0,0,0,0,0,0,0,0,0,0,0,0,0,0,0,0,0,0,0,0,0,0,0,0,0,0,0,0,0,0,0,0,0,0,0,0,0,0,0,0,0,0,0,0,0,0,0,0,0,0,0,0,0,0,0,0,0,0,0,0,0,0,0,0,0,0,0,0,0,0,0,0,0,0,0,0,4,3,6,3,0,5,7,6,3,2,0,5,0,3,0,6,1,2,6,0,0,0,3,0,0,4,7,0,4,3,5,6,4,0
SKN,:kn: Saint Kitts and Nevis@@saint kitts and nevis,"<span style=""color:#E04E2A"">NA/Carib</span>",1992,0,0,0,0,0,0,0,0,0,0,0,0,0,0,0,0,0,0,0,0,0,0,0,0,0,0,0,0,0,0,0,0,0,0,0,0,0,0,0,0,0,0,0,0,0,0,0,0,0,0,0,0,0,0,0,0,0,0,0,0,0,0,0,0,0,0,0,0,0,0,0,0,0,0,0,0,0,0,0,0,0,0,0,0,0,0,0,0,0,0,0,0,0,0,0,0,0,0,0,0,0,0,0,0,0,0,0,0,0,0,0,0,0,0,0,0,0,0,0,0,0,5,0,4,7,5,6,5,6,9,7,2,20,0,3,4,8,4,6,8,3,0,5,7,8,6,4,7,0,6,2,8,10,5,0
SVK,:sk: Slovakia@@slovakia,"<span style=""color:#2A6FB5"">Europe</span>",1918,0,0,0,0,0,0,0,0,0,0,0,0,0,0,0,0,0,0,0,0,0,0,0,0,0,0,0,0,0,0,0,0,0,0,0,0,0,0,0,0,0,0,0,0,0,0,0,0,0,0,0,0,0,0,0,0,0,0,0,0,0,0,0,0,0,0,0,0,0,0,0,0,0,0,0,0,0,0,0,0,0,0,0,0,0,0,0,0,0,0,0,0,0,0,0,0,0,0,0,0,0,0,0,0,0,0,0,0,0,0,0,0,0,0,0,0,0,0,0,0,0,0,10,10,8,12,12,14,13,11,9,10,12,12,9,11,10,12,13,9,9,10,9,9,14,8,10,10,8,15,10,10,14,10,0
ARM,:am: Armenia@@armenia,"<span style=""color:#6BAFE5"">Ex-USSR</span>",1922,0,0,0,0,0,0,0,0,0,0,0,0,0,0,0,0,0,0,0,0,0,0,0,0,0,0,0,0,0,0,0,0,0,0,0,0,0,0,0,0,0,0,0,0,0,0,0,0,0,0,0,0,0,0,0,0,0,0,0,0,0,0,0,0,0,0,0,0,0,0,0,0,0,0,0,0,0,0,0,0,0,0,0,0,0,0,0,0,0,0,0,0,0,0,0,0,0,0,0,0,0,0,0,0,0,0,0,0,0,0,0,0,0,0,0,0,0,0,0,0,0,0,5,7,9,9,5,9,9,8,3,7,9,9,6,12,10,8,7,8,9,9,9,6,8,9,10,10,6,12,10,10,10,10,0
MKD,:mk: North Macedonia@@north macedonia,"<span style=""color:#2A6FB5"">Europe</span>",1923,0,0,0,0,0,0,0,0,0,0,0,0,0,0,0,0,0,0,0,0,0,0,0,0,0,0,0,0,0,0,0,0,0,0,0,0,0,0,0,0,0,0,0,0,0,0,0,0,0,0,0,0,0,0,0,0,0,0,0,0,0,0,0,0,0,0,0,0,0,0,0,0,0,0,0,0,0,0,0,0,0,0,0,0,0,0,0,0,0,0,0,0,0,0,0,0,0,0,0,0,0,0,0,0,0,0,0,0,0,0,0,0,0,0,0,0,0,0,0,0,0,0,5,8,8,6,11,6,10,13,10,10,11,8,8,9,8,10,10,9,10,10,9,9,8,9,8,10,8,15,11,10,10,10,0
AZE,:az: Azerbaijan@@azerbaijan,"<span style=""color:#6BAFE5"">Ex-USSR</span>",1922,0,0,0,0,0,0,0,0,0,0,0,0,0,0,0,0,0,0,0,0,0,0,0,0,0,0,0,0,0,0,0,0,0,0,0,0,0,0,0,0,0,0,0,0,0,0,0,0,0,0,0,0,0,0,0,0,0,0,0,0,0,0,0,0,0,0,0,0,0,0,0,0,0,0,0,0,0,0,0,0,0,0,0,0,0,0,0,0,0,0,0,0,0,0,0,0,0,0,0,0,0,0,0,0,0,0,0,0,0,0,0,0,0,0,0,0,0,0,0,0,0,0,5,6,8,10,10,9,9,9,9,8,11,11,8,14,11,13,10,10,10,12,8,8,8,7,12,10,7,13,10,9,10,10,0
MDA,:md: Moldova@@moldova,"<span style=""color:#6BAFE5"">Ex-USSR</span>",1922,0,0,0,0,0,0,0,0,0,0,0,0,0,0,0,0,0,0,0,0,0,0,0,0,0,0,0,0,0,0,0,0,0,0,0,0,0,0,0,0,0,0,0,0,0,0,0,0,0,0,0,0,0,0,0,0,0,0,0,0,0,0,0,0,0,0,0,0,0,0,0,0,0,0,0,0,0,0,0,0,0,0,0,0,0,0,0,0,0,0,0,0,0,0,0,0,0,0,0,0,0,0,0,0,0,0,0,0,0,0,0,0,0,0,0,0,0,0,0,0,0,0,5,6,7,6,7,8,8,10,8,10,9,7,6,10,10,10,8,10,8,10,12,9,8,10,11,10,9,12,12,10,10,10,0
TKM,:tm: Turkmenistan@@turkmenistan,"<span style=""color:#6BAFE5"">Ex-USSR</span>",1922,0,0,0,0,0,0,0,0,0,0,0,0,0,0,0,0,0,0,0,0,0,0,0,0,0,0,0,0,0,0,0,0,0,0,0,0,0,0,0,0,0,0,0,0,0,0,0,0,0,0,0,0,0,0,0,0,0,0,0,0,0,0,0,0,0,0,0,0,0,0,0,0,0,0,0,0,0,0,0,0,0,0,0,0,0,0,0,0,0,0,0,0,0,0,0,0,0,0,0,0,0,0,0,0,0,0,0,0,0,0,0,0,0,0,0,0,0,0,0,0,0,0,5,0,7,8,8,3,4,6,0,8,12,3,0,6,12,7,5,5,8,2,3,8,4,6,3,10,0,3,4,8,5,8,0
UZB,:uz: Uzbekistan@@uzbekistan,"<span style=""color:#6BAFE5"">Ex-USSR</span>",1922,0,0,0,0,0,0,0,0,0,0,0,0,0,0,0,0,0,0,0,0,0,0,0,0,0,0,0,0,0,0,0,0,0,0,0,0,0,0,0,0,0,0,0,0,0,0,0,0,0,0,0,0,0,0,0,0,0,0,0,0,0,0,0,0,0,0,0,0,0,0,0,0,0,0,0,0,0,0,0,0,0,0,0,0,0,0,0,0,0,0,0,0,0,0,0,0,0,0,0,0,0,0,0,0,0,0,0,0,0,0,0,0,0,0,0,0,0,0,0,0,0,0,6,2,8,14,11,7,8,20,2,10,11,9,6,18,12,11,7,17,13,12,13,13,11,9,10,16,6,11,10,13,16,13,0
TGA,:to: Tonga@@tonga,"<span style=""color:#C44A8A"">Oceania</span>",1994,0,0,0,0,0,0,0,0,0,0,0,0,0,0,0,0,0,0,0,0,0,0,0,0,0,0,0,0,0,0,0,0,0,0,0,0,0,0,0,0,0,0,0,0,0,0,0,0,0,0,0,0,0,0,0,0,0,0,0,0,0,0,0,0,0,0,0,0,0,0,0,0,0,0,0,0,0,0,0,0,0,0,0,0,0,0,0,0,0,0,0,0,0,0,0,0,0,0,0,0,0,0,0,0,0,0,0,0,0,0,0,0,0,0,0,0,0,0,0,0,0,0,2,0,2,2,4,0,4,3,3,2,3,0,0,4,0,2,0,3,0,0,0,4,0,3,0,3,0,0,0,3,4,0,0
DJI,:dj: Djibouti@@djibouti,"<span style=""color:#6BB04A"">E. Africa</span>",1994,0,0,0,0,0,0,0,0,0,0,0,0,0,0,0,0,0,0,0,0,0,0,0,0,0,0,0,0,0,0,0,0,0,0,0,0,0,0,0,0,0,0,0,0,0,0,0,0,0,0,0,0,0,0,0,0,0,0,0,0,0,0,0,0,0,0,0,0,0,0,0,0,0,0,0,0,0,0,0,0,0,0,0,0,0,0,0,0,0,0,0,0,0,0,0,0,0,0,0,0,0,0,0,0,0,0,0,0,0,0,0,0,0,0,0,0,0,0,0,0,0,0,3,0,0,0,2,2,8,3,0,0,0,4,5,4,8,6,0,6,0,0,0,7,4,4,0,9,0,8,2,4,5,7,0
DMA,:dm: Dominica@@dominica,"<span style=""color:#E04E2A"">NA/Carib</span>",1994,0,0,0,0,0,0,0,0,0,0,0,0,0,0,0,0,0,0,0,0,0,0,0,0,0,0,0,0,0,0,0,0,0,0,0,0,0,0,0,0,0,0,0,0,0,0,0,0,0,0,0,0,0,0,0,0,0,0,0,0,0,0,0,0,0,0,0,0,0,0,0,0,0,0,0,0,0,0,0,0,0,0,0,0,0,0,0,0,0,0,0,0,0,0,0,0,0,0,0,0,0,0,0,0,0,0,0,0,0,0,0,0,0,0,0,0,0,0,0,0,0,0,0,4,6,2,5,7,4,6,2,0,8,2,2,0,4,1,7,5,3,2,8,8,1,4,3,13,0,4,5,5,10,4,0
COK,:ck: Cook Islands@@cook islands,"<span style=""color:#C44A8A"">Oceania</span>",1994,0,0,0,0,0,0,0,0,0,0,0,0,0,0,0,0,0,0,0,0,0,0,0,0,0,0,0,0,0,0,0,0,0,0,0,0,0,0,0,0,0,0,0,0,0,0,0,0,0,0,0,0,0,0,0,0,0,0,0,0,0,0,0,0,0,0,0,0,0,0,0,0,0,0,0,0,0,0,0,0,0,0,0,0,0,0,0,0,0,0,0,0,0,0,0,0,0,0,0,0,0,0,0,0,0,0,0,0,0,0,0,0,0,0,0,0,0,0,0,0,0,0,0,2,2,0,6,0,6,4,0,0,4,0,0,3,0,2,0,6,0,0,0,3,0,0,0,0,0,0,1,4,4,0,0
BLZ,:bz: Belize@@belize,"<span style=""color:#E04E2A"">NA/Carib</span>",1986,0,0,0,0,0,0,0,0,0,0,0,0,0,0,0,0,0,0,0,0,0,0,0,0,0,0,0,0,0,0,0,0,0,0,0,0,0,0,0,0,0,0,0,0,0,0,0,0,0,0,0,0,0,0,0,0,0,0,0,0,0,0,0,0,0,0,0,0,0,0,0,0,0,0,0,0,0,0,0,0,0,0,0,0,0,0,0,0,0,0,0,0,0,0,0,0,0,0,0,0,0,0,0,0,0,0,0,0,0,0,0,0,0,0,0,0,0,0,0,0,0,0,0,2,2,2,0,2,4,6,2,0,2,3,0,3,6,3,2,11,0,10,3,6,2,5,6,7,0,3,5,6,8,5,0
KAZ,:kz: Kazakhstan@@kazakhstan,"<span style=""color:#6BAFE5"">Ex-USSR</span>",1922,0,0,0,0,0,0,0,0,0,0,0,0,0,0,0,0,0,0,0,0,0,0,0,0,0,0,0,0,0,0,0,0,0,0,0,0,0,0,0,0,0,0,0,0,0,0,0,0,0,0,0,0,0,0,0,0,0,0,0,0,0,0,0,0,0,0,0,0,0,0,0,0,0,0,0,0,0,0,0,0,0,0,0,0,0,0,0,0,0,0,0,0,0,0,0,0,0,0,0,0,0,0,0,0,0,0,0,0,0,0,0,0,0,0,0,0,0,0,0,0,0,0,0,2,5,13,5,0,11,7,2,5,8,9,14,15,9,7,6,8,7,9,8,8,8,7,9,10,7,10,10,10,11,12,0
KGZ,:kg: Kyrgyzstan@@kyrgyzstan,"<span style=""color:#6BAFE5"">Ex-USSR</span>",1922,0,0,0,0,0,0,0,0,0,0,0,0,0,0,0,0,0,0,0,0,0,0,0,0,0,0,0,0,0,0,0,0,0,0,0,0,0,0,0,0,0,0,0,0,0,0,0,0,0,0,0,0,0,0,0,0,0,0,0,0,0,0,0,0,0,0,0,0,0,0,0,0,0,0,0,0,0,0,0,0,0,0,0,0,0,0,0,0,0,0,0,0,0,0,0,0,0,0,0,0,0,0,0,0,0,0,0,0,0,0,0,0,0,0,0,0,0,0,0,0,0,0,0,0,4,5,0,3,4,7,0,4,8,0,7,9,3,7,3,5,1,9,9,7,8,5,10,11,0,7,6,11,15,7,0
CUW,:cw: Curacao@@curacao,"<span style=""color:#8B2424"">LatAm</span> &bull; <span style=""color:#E04E2A"">NA/Carib</span>",1932,0,0,0,0,0,0,0,0,0,0,0,0,0,0,0,0,0,0,0,0,0,0,0,0,0,0,0,0,0,0,0,0,0,0,0,0,0,0,0,0,0,0,0,0,0,0,0,0,0,0,0,0,0,0,0,0,0,0,0,0,0,0,0,0,0,0,0,0,0,0,0,0,0,0,0,0,0,0,0,0,0,0,0,0,0,0,0,0,0,0,0,0,0,0,0,0,0,0,0,0,0,0,0,0,0,0,0,0,0,0,0,0,0,0,0,0,0,0,0,0,0,0,0,0,2,1,5,2,2,0,4,0,8,0,3,0,12,2,5,10,4,2,5,9,6,8,4,11,0,9,7,9,6,12,0
TJK,:tj: Tajikistan@@tajikistan,"<span style=""color:#6BAFE5"">Ex-USSR</span>",1922,0,0,0,0,0,0,0,0,0,0,0,0,0,0,0,0,0,0,0,0,0,0,0,0,0,0,0,0,0,0,0,0,0,0,0,0,0,0,0,0,0,0,0,0,0,0,0,0,0,0,0,0,0,0,0,0,0,0,0,0,0,0,0,0,0,0,0,0,0,0,0,0,0,0,0,0,0,0,0,0,0,0,0,0,0,0,0,0,0,0,0,0,0,0,0,0,0,0,0,0,0,0,0,0,0,0,0,0,0,0,0,0,0,0,0,0,0,0,0,0,0,0,0,0,2,8,5,3,2,0,0,8,8,3,8,7,9,1,8,10,6,6,5,8,9,6,7,12,3,8,9,9,16,10,0
GUM,:gu: Guam@@guam,"<span style=""color:#C44A8A"">Oceania</span>",1996,0,0,0,0,0,0,0,0,0,0,0,0,0,0,0,0,0,0,0,0,0,0,0,0,0,0,0,0,0,0,0,0,0,0,0,0,0,0,0,0,0,0,0,0,0,0,0,0,0,0,0,0,0,0,0,0,0,0,0,0,0,0,0,0,0,0,0,0,0,0,0,0,0,0,0,0,0,0,0,0,0,0,0,0,0,0,0,0,0,0,0,0,0,0,0,0,0,0,0,0,0,0,0,0,0,0,0,0,0,0,0,0,0,0,0,0,0,0,0,0,0,0,0,0,3,0,0,0,5,0,0,6,0,4,4,3,3,5,0,4,9,4,7,9,5,0,2,8,0,5,0,2,2,0,0
BIH,:ba: Bosnia-Herzegovina@@bosnia-herzegovina,"<span style=""color:#2A6FB5"">Europe</span>",1923,0,0,0,0,0,0,0,0,0,0,0,0,0,0,0,0,0,0,0,0,0,0,0,0,0,0,0,0,0,0,0,0,0,0,0,0,0,0,0,0,0,0,0,0,0,0,0,0,0,0,0,0,0,0,0,0,0,0,0,0,0,0,0,0,0,0,0,0,0,0,0,0,0,0,0,0,0,0,0,0,0,0,0,0,0,0,0,0,0,0,0,0,0,0,0,0,0,0,0,0,0,0,0,0,0,0,0,0,0,0,0,0,0,0,0,0,0,0,0,0,0,0,0,0,5,11,6,9,7,14,6,7,6,10,8,9,9,11,9,11,9,9,11,9,9,7,12,10,8,13,8,10,9,10,0
AND,:ad: Andorra@@andorra,"<span style=""color:#2A6FB5"">Europe</span>",1996,0,0,0,0,0,0,0,0,0,0,0,0,0,0,0,0,0,0,0,0,0,0,0,0,0,0,0,0,0,0,0,0,0,0,0,0,0,0,0,0,0,0,0,0,0,0,0,0,0,0,0,0,0,0,0,0,0,0,0,0,0,0,0,0,0,0,0,0,0,0,0,0,0,0,0,0,0,0,0,0,0,0,0,0,0,0,0,0,0,0,0,0,0,0,0,0,0,0,0,0,0,0,0,0,0,0,0,0,0,0,0,0,0,0,0,0,0,0,0,0,0,0,0,0,1,2,8,9,8,6,6,7,7,8,5,9,6,7,7,7,8,7,6,8,7,8,9,10,8,12,10,10,10,10,0
VGB,:vg: British Virgin Islands@@british virgin islands,"<span style=""color:#E04E2A"">NA/Carib</span>",1996,0,0,0,0,0,0,0,0,0,0,0,0,0,0,0,0,0,0,0,0,0,0,0,0,0,0,0,0,0,0,0,0,0,0,0,0,0,0,0,0,0,0,0,0,0,0,0,0,0,0,0,0,0,0,0,0,0,0,0,0,0,0,0,0,0,0,0,0,0,0,0,0,0,0,0,0,0,0,0,0,0,0,0,0,0,0,0,0,0,0,0,0,0,0,0,0,0,0,0,0,0,0,0,0,0,0,0,0,0,0,0,0,0,0,0,0,0,0,0,0,0,0,0,0,0,4,3,7,7,6,5,0,12,0,0,0,6,1,3,2,3,0,3,5,1,0,1,3,0,5,4,5,8,8,0
AIA,:ai: Anguilla@@anguilla,"<span style=""color:#E04E2A"">NA/Carib</span>",1996,0,0,0,0,0,0,0,0,0,0,0,0,0,0,0,0,0,0,0,0,0,0,0,0,0,0,0,0,0,0,0,0,0,0,0,0,0,0,0,0,0,0,0,0,0,0,0,0,0,0,0,0,0,0,0,0,0,0,0,0,0,0,0,0,0,0,0,0,0,0,0,0,0,0,0,0,0,0,0,0,0,0,0,0,0,0,0,0,0,0,0,0,0,0,0,0,0,0,0,0,0,0,0,0,0,0,0,0,0,0,0,0,0,0,0,0,0,0,0,0,0,0,0,0,0,2,3,0,4,1,1,0,2,0,3,0,3,0,3,3,3,0,3,4,2,0,2,6,0,6,4,1,8,7,0
PLE,:ps: Palestine@@palestine,"<span style=""color:#D4A017"">MENA</span>",1929,0,0,0,0,0,0,0,0,0,0,0,0,0,0,0,0,0,0,0,0,0,0,0,0,0,0,0,0,0,0,0,0,0,0,0,0,0,0,0,0,0,0,0,0,0,0,0,0,0,0,0,0,0,0,0,0,0,0,0,0,0,0,0,0,0,0,0,0,0,0,0,0,0,0,0,0,0,0,0,0,0,0,0,0,0,0,0,0,0,0,0,0,0,0,0,0,0,0,0,0,0,0,0,0,0,0,0,0,0,0,0,0,0,0,0,0,0,0,0,0,0,0,0,0,0,0,3,5,7,6,6,6,10,4,12,3,3,6,4,15,17,8,13,9,5,7,18,13,4,8,3,7,16,8,0
ASA,:as: American Samoa@@american samoa,"<span style=""color:#C44A8A"">Oceania</span>",1998,0,0,0,0,0,0,0,0,0,0,0,0,0,0,0,0,0,0,0,0,0,0,0,0,0,0,0,0,0,0,0,0,0,0,0,0,0,0,0,0,0,0,0,0,0,0,0,0,0,0,0,0,0,0,0,0,0,0,0,0,0,0,0,0,0,0,0,0,0,0,0,0,0,0,0,0,0,0,0,0,0,0,0,0,0,0,0,0,0,0,0,0,0,0,0,0,0,0,0,0,0,0,0,0,0,0,0,0,0,0,0,0,0,0,0,0,0,0,0,0,0,0,0,0,0,0,4,0,4,0,3,0,4,0,0,4,0,0,0,7,0,0,0,4,0,0,0,4,0,0,0,3,2,0,0
ERI,:er: Eritrea@@eritrea,"<span style=""color:#6BB04A"">E. Africa</span>",1998,0,0,0,0,0,0,0,0,0,0,0,0,0,0,0,0,0,0,0,0,0,0,0,0,0,0,0,0,0,0,0,0,0,0,0,0,0,0,0,0,0,0,0,0,0,0,0,0,0,0,0,0,0,0,0,0,0,0,0,0,0,0,0,0,0,0,0,0,0,0,0,0,0,0,0,0,0,0,0,0,0,0,0,0,0,0,0,0,0,0,0,0,0,0,0,0,0,0,0,0,0,0,0,0,0,0,0,0,0,0,0,0,0,0,0,0,0,0,0,0,0,0,0,0,0,0,1,9,7,4,6,8,0,3,2,13,0,4,0,3,2,3,0,2,0,0,0,8,1,0,0,0,0,0,0
MNG,:mn: Mongolia@@mongolia,"<span style=""color:#5B4FB0"">E. Asia</span>",1998,0,0,0,0,0,0,0,0,0,0,0,0,0,0,0,0,0,0,0,0,0,0,0,0,0,0,0,0,0,0,0,0,0,0,0,0,0,0,0,0,0,0,0,0,0,0,0,0,0,0,0,0,0,0,0,0,0,0,0,0,0,0,0,0,0,0,0,0,0,0,0,0,0,0,0,0,0,0,0,0,0,0,0,0,0,0,0,0,0,0,0,0,0,0,0,0,0,0,0,0,0,0,0,0,0,0,0,0,0,0,0,0,0,0,0,0,0,0,0,0,0,0,0,0,0,0,2,0,4,7,0,8,0,4,0,5,0,4,0,4,0,3,2,0,5,1,10,8,0,3,4,6,8,0,0
MSR,:ms: Montserrat@@montserrat,"<span style=""color:#E04E2A"">NA/Carib</span>",1996,0,0,0,0,0,0,0,0,0,0,0,0,0,0,0,0,0,0,0,0,0,0,0,0,0,0,0,0,0,0,0,0,0,0,0,0,0,0,0,0,0,0,0,0,0,0,0,0,0,0,0,0,0,0,0,0,0,0,0,0,0,0,0,0,0,0,0,0,0,0,0,0,0,0,0,0,0,0,0,0,0,0,0,0,0,0,0,0,0,0,0,0,0,0,0,0,0,0,0,0,0,0,0,0,0,0,0,0,0,0,0,0,0,0,0,0,0,0,0,0,0,0,0,0,0,0,0,2,2,1,1,0,4,0,0,0,2,0,3,2,2,0,1,2,0,0,3,7,0,5,3,8,6,2,0
TCA,:tc: Turks and Caicos@@turks and caicos,"<span style=""color:#E04E2A"">NA/Carib</span>",1998,0,0,0,0,0,0,0,0,0,0,0,0,0,0,0,0,0,0,0,0,0,0,0,0,0,0,0,0,0,0,0,0,0,0,0,0,0,0,0,0,0,0,0,0,0,0,0,0,0,0,0,0,0,0,0,0,0,0,0,0,0,0,0,0,0,0,0,0,0,0,0,0,0,0,0,0,0,0,0,0,0,0,0,0,0,0,0,0,0,0,0,0,0,0,0,0,0,0,0,0,0,0,0,0,0,0,0,0,0,0,0,0,0,0,0,0,0,0,0,0,0,0,0,0,0,0,0,2,3,0,0,0,2,0,3,0,2,0,0,2,0,0,2,2,0,0,4,2,0,5,3,7,6,1,0
VIR,:vi: U.S. Virgin Islands@@u.s. virgin islands,"<span style=""color:#E04E2A"">NA/Carib</span>",1998,0,0,0,0,0,0,0,0,0,0,0,0,0,0,0,0,0,0,0,0,0,0,0,0,0,0,0,0,0,0,0,0,0,0,0,0,0,0,0,0,0,0,0,0,0,0,0,0,0,0,0,0,0,0,0,0,0,0,0,0,0,0,0,0,0,0,0,0,0,0,0,0,0,0,0,0,0,0,0,0,0,0,0,0,0,0,0,0,0,0,0,0,0,0,0,0,0,0,0,0,0,0,0,0,0,0,0,0,0,0,0,0,0,0,0,0,0,0,0,0,0,0,0,0,0,0,0,2,4,3,2,0,7,0,2,0,3,0,0,9,0,0,1,3,3,0,3,5,0,6,1,5,6,2,0
BHU,:bt: Bhutan@@bhutan,"<span style=""color:#8C6BC4"">S. Asia</span>",2000,0,0,0,0,0,0,0,0,0,0,0,0,0,0,0,0,0,0,0,0,0,0,0,0,0,0,0,0,0,0,0,0,0,0,0,0,0,0,0,0,0,0,0,0,0,0,0,0,0,0,0,0,0,0,0,0,0,0,0,0,0,0,0,0,0,0,0,0,0,0,0,0,0,0,0,0,0,0,0,0,0,0,0,0,0,0,0,0,0,0,0,0,0,0,0,0,0,0,0,0,0,0,0,0,0,0,0,0,0,0,0,0,0,0,0,0,0,0,0,0,0,0,0,0,0,0,0,0,0,1,2,12,0,3,3,0,7,7,0,7,1,3,0,13,4,5,5,4,0,0,0,8,4,7,0
TLS,:tl: Timor-Leste@@timor-leste,"<span style=""color:#5B4FB0"">E. Asia</span> &bull; <span style=""color:#C44A8A"">Oceania</span> &bull; <span style=""color:#8C6BC4"">S. Asia</span>",2005,0,0,0,0,0,0,0,0,0,0,0,0,0,0,0,0,0,0,0,0,0,0,0,0,0,0,0,0,0,0,0,0,0,0,0,0,0,0,0,0,0,0,0,0,0,0,0,0,0,0,0,0,0,0,0,0,0,0,0,0,0,0,0,0,0,0,0,0,0,0,0,0,0,0,0,0,0,0,0,0,0,0,0,0,0,0,0,0,0,0,0,0,0,0,0,0,0,0,0,0,0,0,0,0,0,0,0,0,0,0,0,0,0,0,0,0,0,0,0,0,0,0,0,0,0,0,0,0,0,0,0,0,0,0,4,2,4,0,4,2,5,0,5,3,11,2,7,2,0,4,5,2,8,6,0
COM,:km: Comoros@@comoros,"<span style=""color:#6BB04A"">E. Africa</span>",2005,0,0,0,0,0,0,0,0,0,0,0,0,0,0,0,0,0,0,0,0,0,0,0,0,0,0,0,0,0,0,0,0,0,0,0,0,0,0,0,0,0,0,0,0,0,0,0,0,0,0,0,0,0,0,0,0,0,0,0,0,0,0,0,0,0,0,0,0,0,0,0,0,0,0,0,0,0,0,0,0,0,0,0,0,0,0,0,0,0,0,0,0,0,0,0,0,0,0,0,0,0,0,0,0,0,0,0,0,0,0,0,0,0,0,0,0,0,0,0,0,0,0,0,0,0,0,0,0,0,0,0,0,0,0,2,3,3,3,3,9,0,0,3,6,6,6,8,8,3,7,12,12,14,12,0
MNE,:me: Montenegro@@montenegro,"<span style=""color:#2A6FB5"">Europe</span>",1923,0,0,0,0,0,0,0,0,0,0,0,0,0,0,0,0,0,0,0,0,0,0,0,0,0,0,0,0,0,0,0,0,0,0,0,0,0,0,0,0,0,0,0,0,0,0,0,0,0,0,0,0,0,0,0,0,0,0,0,0,0,0,0,0,0,0,0,0,0,0,0,0,0,0,0,0,0,0,0,0,0,0,0,0,0,0,0,0,0,0,0,0,0,0,0,0,0,0,0,0,0,0,0,0,0,0,0,0,0,0,0,0,0,0,0,0,0,0,0,0,0,0,0,0,0,0,0,0,0,0,0,0,0,0,0,5,8,9,9,8,7,8,7,7,7,7,10,10,8,12,10,10,10,10,0
NCL,:nc: New Caledonia@@new caledonia,"<span style=""color:#C44A8A"">Oceania</span>",2004,0,0,0,0,0,0,0,0,0,0,0,0,0,0,0,0,0,0,0,0,0,0,0,0,0,0,0,0,0,0,0,0,0,0,0,0,0,0,0,0,0,0,0,0,0,0,0,0,0,0,0,0,0,0,0,0,0,0,0,0,0,0,0,0,0,0,0,0,0,0,0,0,0,0,0,0,0,0,0,0,0,0,0,0,0,0,0,0,0,0,0,0,0,0,0,0,0,0,0,0,0,0,0,0,0,0,0,0,0,0,0,0,0,0,0,0,0,0,0,0,0,0,0,0,0,0,0,0,0,0,0,0,0,0,0,9,5,0,1,9,10,2,0,0,10,3,4,6,0,0,5,8,3,3,0
SSD,:ss: South Sudan@@south sudan,"<span style=""color:#6BB04A"">E. Africa</span>",2012,0,0,0,0,0,0,0,0,0,0,0,0,0,0,0,0,0,0,0,0,0,0,0,0,0,0,0,0,0,0,0,0,0,0,0,0,0,0,0,0,0,0,0,0,0,0,0,0,0,0,0,0,0,0,0,0,0,0,0,0,0,0,0,0,0,0,0,0,0,0,0,0,0,0,0,0,0,0,0,0,0,0,0,0,0,0,0,0,0,0,0,0,0,0,0,0,0,0,0,0,0,0,0,0,0,0,0,0,0,0,0,0,0,0,0,0,0,0,0,0,0,0,0,0,0,0,0,0,0,0,0,0,0,0,0,0,0,0,0,0,4,2,3,9,4,6,4,7,2,5,7,8,10,7,0
KOS,:xk: Kosovo@@kosovo,"<span style=""color:#2A6FB5"">Europe</span>",1923,0,0,0,0,0,0,0,0,0,0,0,0,0,0,0,0,0,0,0,0,0,0,0,0,0,0,0,0,0,0,0,0,0,0,0,0,0,0,0,0,0,0,0,0,0,0,0,0,0,0,0,0,0,0,0,0,0,0,0,0,0,0,0,0,0,0,0,0,0,0,0,0,0,0,0,0,0,0,0,0,0,0,0,0,0,0,0,0,0,0,0,0,0,0,0,0,0,0,0,0,0,0,0,0,0,0,0,0,0,0,0,0,0,0,0,0,0,0,0,0,0,0,0,0,0,0,0,0,0,0,0,0,0,0,0,0,0,0,0,0,0,0,0,0,5,7,9,10,9,14,10,10,8,10,0
GIB,:gi: Gibraltar@@gibraltar,"<span style=""color:#2A6FB5"">Europe</span>",2016,0,0,0,0,0,0,0,0,0,0,0,0,0,0,0,0,0,0,0,0,0,0,0,0,0,0,0,0,0,0,0,0,0,0,0,0,0,0,0,0,0,0,0,0,0,0,0,0,0,0,0,0,0,0,0,0,0,0,0,0,0,0,0,0,0,0,0,0,0,0,0,0,0,0,0,0,0,0,0,0,0,0,0,0,0,0,0,0,0,0,0,0,0,0,0,0,0,0,0,0,0,0,0,0,0,0,0,0,0,0,0,0,0,0,0,0,0,0,0,0,0,0,0,0,0,0,0,0,0,0,0,0,0,0,0,0,0,0,0,0,0,0,0,0,5,6,7,10,6,12,10,10,10,10,0